QueryId,EntityId
002,758546
002,3576756
002,3494659
002,794776
002,366601
002,3192913
002,2544424
002,2496299
002,3572540
002,1139430
002,2616207
002,1216465
002,956021
002,2508807
002,1255621
002,481606
002,2508826
002,4406241
002,1745425
002,2508842
002,1850915
002,2496331
002,3576754
002,1989301
002,955969
002,946959
002,551044
002,430575
002,3576393
002,2508806
002,4058548
002,1828935
002,430530
002,3889871
002,3576510
002,1196304
002,4627482
002,4241831
002,2496305
002,3651053
002,2800893
002,1862418
002,837572
002,837570
002,430538
002,2713857
002,1992343
002,1275116
002,741013
002,430488
002,4355929
002,3891647
002,937635
002,2798170
002,846792
002,430448
002,4482640
002,3576438
002,2496301
002,837751
002,3674981
002,2612362
002,3592977
002,937465
002,558174
002,558157
002,3892378
002,3651172
002,3402382
002,2896512
002,2496309
002,938532
002,837678
002,4196645
002,3262831
002,1411577
002,1280403
002,1158269
002,1101026
002,938640
002,430423
002,371051
002,3899070
002,3894916
002,3894239
002,3890969
002,3890932
002,3682229
002,3637393
002,3576520
002,3576502
002,3576376
002,3576372
002,3572564
002,3365033
002,3351161
002,2658328
002,2496328
002,1259103
004,1431282
004,3248690
004,2198673
004,2684843
004,759613
004,573230
004,1300992
004,1842323
004,708945
004,3463060
004,1658568
004,569665
004,563289
004,3899932
004,2946833
004,567187
004,3139815
004,3433221
004,3726763
004,3138806
004,3138304
004,1841606
004,4627023
004,3145670
004,3140029
004,3139408
004,3138698
004,3138418
004,569628
004,564284
004,183269
004,3138439
004,3138240
004,3138181
004,3138157
004,3139175
004,3630910
004,2071791
004,589404
004,3139014
004,3138925
004,3138576
004,3138238
004,2754760
004,2132349
004,88176
004,2408022
004,1531022
004,186149
004,172148
004,2345637
004,4558722
004,3472187
004,3432984
004,3139450
004,3138975
004,3138622
004,3066957
004,3053326
004,2266578
004,733960
004,573225
004,181965
004,166022
004,166001
006,1976741
006,3139368
006,1078101
006,3066138
006,2792527
006,3066143
006,4116692
006,352183
006,4474551
006,1078109
006,3170461
006,1951055
006,4116694
006,1731480
006,4455610
006,3546074
006,3053326
006,1078104
006,4271332
006,4143295
006,3595843
006,3472545
006,3425718
006,2547072
006,2547067
006,2547066
006,2547065
006,2547064
006,2427684
006,2384721
006,2177465
006,2172567
006,2128341
006,1836697
006,1739296
006,1412944
006,185097
006,183269
008,1309851
008,2447580
008,1309861
008,4404730
008,3281489
008,2718310
008,2553621
008,2478701
008,1720839
008,1372011
008,1309864
008,1309863
008,1309862
008,1309855
008,1309852
008,1042535
008,4381520
008,4119015
008,2434018
008,1720838
008,1309858
008,1309856
008,1309850
008,297212
008,4235340
008,4226862
008,4210637
008,4130373
008,4094450
008,3830178
008,3625295
008,3344742
008,3211351
008,3195095
008,3023726
008,2914614
008,2608707
008,2590165
008,2320482
008,2077371
008,1838869
008,1812298
008,1647361
008,1431569
008,1309860
008,1309859
008,1309857
008,1309854
008,1309853
008,1309849
008,659027
008,659026
008,657929
008,207533
008,4635843
008,4596269
008,4559226
008,4529084
008,4461649
008,4427039
008,4420364
008,4395515
008,4384607
008,4304293
008,4275110
008,4260588
008,4244449
008,4231837
008,4187052
008,4146782
008,4128209
008,4118127
008,4075731
008,4010057
008,4008400
008,3958521
008,3925991
008,3915554
008,3909945
008,3886936
008,3873769
008,3760428
008,3699559
008,3696367
008,3686430
008,3659689
008,3601085
008,3527525
008,3448209
008,3421187
008,3358671
008,3356127
008,3344840
008,3344549
008,3344488
008,3326283
008,3316533
008,3260797
008,3224069
011,1487739
011,199845
011,2646251
011,3445794
011,859278
011,3188994
011,2208028
011,1952708
011,866808
011,1147476
011,4407025
011,4399555
011,1770443
011,3664889
011,3203444
011,2483780
011,3945186
011,3406125
011,1487740
011,1993621
011,3202001
011,2547857
011,680829
011,482044
011,4033854
011,1178674
011,4351441
011,2733919
011,1487723
011,333853
011,210613
011,3399379
011,3049974
011,2195748
011,2758475
011,3680941
011,3407309
011,3149769
011,4377555
011,1148813
011,903038
011,333844
011,4351445
011,2220435
011,1064377
011,619150
011,618053
011,2483727
011,2287492
011,386687
011,1231975
011,676301
011,3690926
011,3173247
011,3759677
011,3535026
011,1955887
011,636804
011,2862902
011,1953071
011,1746596
011,3966588
011,3531829
011,3463046
011,2992259
011,2483742
011,1951872
011,1774402
011,4259043
011,3749776
011,3636117
011,3199412
011,2882186
011,2742526
011,1839923
011,1436245
011,619529
011,2733921
011,2678100
011,1931321
011,1654886
011,909868
011,903561
011,390776
011,4550033
011,4389738
011,4282324
011,3959147
011,3222535
011,1661478
011,1425235
011,1194562
011,749004
011,4069381
011,3495873
011,3447278
011,3363014
011,3198576
011,3051138
012,4041364
012,2932562
012,1680347
012,1935014
012,412758
012,4298253
012,2932181
012,2457662
012,1759198
012,1326736
012,2399501
012,1510034
012,3279895
012,4285714
012,3612692
012,3267998
012,2932499
012,2141772
012,1879404
012,1835069
012,1543172
012,1482331
012,1605154
012,4533894
012,4188119
012,3866246
012,2990203
012,2821299
012,2397984
012,641548
012,581681
012,4261227
012,3976265
012,1519713
012,4122700
012,3716391
012,2936397
012,2936354
012,2838808
012,1879402
012,853694
012,582746
012,2147547
012,2003958
012,1099787
012,4517718
012,2746851
012,2053566
012,1572420
012,1514467
012,1344911
012,4392959
012,3764294
012,3245629
012,3114177
012,3068315
012,2625459
012,2419612
012,1468722
012,517442
012,445462
012,269677
012,2105996
012,326785
012,4418764
012,2135128
012,410776
012,4461066
012,4459656
012,4440247
012,4079569
012,4044174
012,3292902
012,2940213
012,2933060
012,2932203
012,2854012
012,2633103
012,2616706
012,2332728
012,1871076
012,1641659
012,1339218
012,1232665
012,940121
012,897670
012,883925
012,815926
012,775462
012,358512
012,4007854
012,3228143
012,2457661
012,2127884
012,4233404
012,3924218
012,2400903
012,2170732
012,957376
014,3071062
014,4186953
014,1084409
014,408345
014,801715
021,1794601
021,835070
021,3430059
021,3106738
021,4517117
021,1019610
021,4132767
021,2051422
021,319344
021,4110135
021,4463970
021,4388558
021,4128227
021,3521432
021,2074985
021,1828980
021,4584988
021,4113143
021,4103556
021,2168255
021,1489979
021,4126004
021,2169501
021,4263752
021,3519832
021,3002229
021,2812771
021,1405639
021,4486770
021,4126003
021,3935703
021,1224832
021,319342
021,4240487
021,4194489
021,4131751
021,4075841
021,4014836
021,3852792
021,3781743
021,3696014
021,2936076
021,2593086
021,2119839
021,2037520
021,1773411
021,1460022
021,1459597
022,3140987
022,4161188
022,4110135
022,2336870
022,828414
022,3847930
022,3696014
022,3232972
025,1911236
027,1714467
027,3136883
027,3489341
027,1418407
027,3824168
027,1079503
027,3613097
027,3136808
027,3136837
027,3136964
027,3948567
027,917417
027,4242859
027,600554
027,2220012
027,1020188
027,4585619
027,3346184
027,2998145
027,1142947
027,871058
027,714143
028,1647609
028,945424
028,600554
028,3127447
028,4629208
028,4313934
028,2590084
028,1142947
032,655557
032,1714383
032,3648375
032,4476650
032,1155189
032,3735757
032,3975961
032,3245171
032,3245170
032,3917084
032,4383928
032,4242103
032,2807453
032,663718
032,1627740
032,660086
032,1330548
032,1711905
032,1259584
032,255217
032,4534904
032,4136504
032,3516299
032,2569006
032,2477610
032,2297157
032,1912511
032,720003
032,665146
032,1239054
032,3560104
032,1764359
032,3685032
032,3340054
032,2747161
032,1576479
032,1053522
032,3858931
032,1997491
032,1954477
032,1450851
032,659548
032,659398
032,4264557
032,4241548
032,3525643
032,2417156
032,1259680
032,328390
032,4406742
032,1056073
032,4609203
032,4313935
032,4247838
032,4091806
032,4091485
032,4079832
032,2564562
032,2417379
032,1756636
032,970061
032,4368071
032,4102711
032,3867300
032,3848116
032,3389709
032,2911407
032,2263410
032,2133608
032,1486101
032,959695
032,679788
032,659537
032,575178
032,2734704
032,2670221
032,2441359
032,1753319
032,1018362
032,626594
032,4587569
032,4497776
032,4405974
032,4402526
032,4402517
032,4236939
032,4221907
032,4219387
032,4153095
032,4149934
032,4131434
032,4103033
032,3851504
032,3783340
032,3480592
032,3352993
032,3313800
032,3268816
032,2936312
033,224926
037,2840989
037,1399659
037,532384
037,2840990
037,1865102
037,2840987
037,4289856
037,4289855
037,4028572
037,1853562
037,2644018
037,2757245
037,348242
037,4028537
037,3160328
037,4289859
037,859438
037,525868
037,2406846
037,517522
037,303394
037,4027302
037,1613771
037,703746
038,1853562
038,280482
039,4235622
039,3439576
039,3538812
039,1068776
039,775520
039,358418
039,4235580
039,2779816
039,3482481
039,358417
039,2982339
039,1472167
039,1636882
039,2686027
039,3581968
039,3071337
039,1636866
039,829750
039,3211730
039,2358936
039,4235623
039,4417973
039,4247432
039,1636873
039,1021083
039,3388634
039,1250046
039,4498607
039,4235633
039,3786006
039,3581964
039,3482482
039,2604246
039,170424
039,4235510
039,3071329
039,4204925
039,4306766
039,4260854
039,4235591
039,3531483
039,3243680
039,2778295
039,2078209
039,431171
039,57218
039,56204
039,55239
039,54319
039,53419
039,52502
039,51593
039,50727
039,49928
039,49073
039,48293
039,47493
039,46791
039,46100
039,45405
039,2912538
039,4540280
039,4235613
039,4235492
039,3872489
039,1682715
039,1379827
039,4235448
039,3438203
039,3367542
039,2908448
039,1682712
039,4289900
039,3381780
039,1636890
039,2637058
039,1878780
039,588702
039,4372065
039,4235576
039,4235524
039,4235485
039,4235418
039,3581969
039,3581961
039,3526314
039,2361858
039,2055418
039,1856986
039,1681181
039,1636884
039,1636883
039,1636876
039,1556213
039,1500686
039,1036615
039,1019970
039,932468
039,111860
045,2250721
045,1090295
045,287271
045,502213
045,2052441
045,2780949
045,1008565
045,1143913
045,2647181
045,2103253
045,1998739
045,3778965
045,2459573
045,679176
045,1465903
045,1372575
045,2258776
045,1227145
045,651856
045,628670
045,1615745
045,397353
045,4200163
045,1480414
045,896276
045,1724238
045,269071
045,2399177
045,1215693
045,3487687
045,4206543
045,2793213
045,1632441
045,645305
045,3811027
045,342863
045,2385629
045,3772706
045,3638287
045,3194457
045,2024130
045,2667216
045,2089901
045,679214
045,399491
045,2776983
045,2371471
045,1389955
045,1207789
045,4239893
045,2335173
045,1037216
045,304421
045,2053670
045,722444
045,846565
045,220964
045,2192427
045,3178540
045,3439088
045,579737
045,1071779
045,3976235
045,2815721
045,3617417
045,3001356
045,831676
045,4191149
045,1044905
045,3313032
045,3810707
045,3794845
045,1156141
045,720587
045,3761611
045,2294304
045,3979076
045,2974711
045,3229291
045,2295758
045,4040400
045,1750873
045,3534380
045,4473281
045,2399397
045,2160523
045,2842573
045,4628682
045,3688332
045,2249913
045,2703291
045,823643
045,700610
045,2467972
045,3978940
045,3582774
045,2080695
045,1226376
045,1103659
046,1908468
046,3212131
046,1758123
046,1746856
046,2349249
046,3618941
046,2295741
046,4591091
046,537779
046,1636579
046,3037026
046,1708461
046,3406044
046,169083
046,4541529
046,3676484
046,2234309
046,3211949
046,2349265
046,1834482
046,3775810
046,3775784
046,3211997
046,2414642
046,2349239
046,2295512
046,915739
046,3815997
046,664527
046,3920781
046,4583485
046,2294294
046,2197201
046,1654318
046,417683
046,3448860
046,3966877
046,3961483
046,1636577
046,4583501
046,2843530
046,2616973
046,3841776
046,3212613
046,2238163
046,197704
046,177840
046,3740018
046,3212348
046,1636586
046,4189729
046,3877966
046,3815996
046,1459226
046,2370071
046,1556200
046,3740073
046,1636578
046,4103136
046,3775948
046,3850696
046,2081574
046,3212279
046,2294749
046,1904859
046,4577864
046,703051
046,4593827
046,1941201
046,726524
046,915070
046,169184
046,4004730
046,1078177
046,2601266
046,651334
046,3869357
046,2843550
046,2349245
046,2197212
046,1758148
046,522086
046,3727926
046,2857858
046,2090036
046,1806503
046,2081567
046,1854205
046,1636634
046,2222317
046,1821397
046,770726
046,3357282
046,1636576
046,2011652
046,1636203
046,1272392
046,4583379
046,4544293
047,2520124
047,2520123
047,3997211
047,2566414
047,4363846
047,1399933
047,3024344
047,4100265
047,1324519
047,1541817
047,1190957
047,1324250
047,1323718
047,906735
047,496253
047,1845060
047,1957565
047,3252051
047,1250841
047,1203468
047,3449049
047,2865333
047,1323281
047,1246169
047,3504714
047,656228
047,3015421
047,1324275
047,660465
047,679792
047,4043528
047,3066787
047,3821245
047,3964498
047,903247
047,1324435
047,2846341
047,1879917
047,2476079
047,587315
047,337698
047,4085027
047,1149520
047,624621
047,432761
047,4292939
047,3468479
047,486412
047,3355114
047,4145814
047,3626215
047,579284
047,4245810
047,2476083
047,3883611
047,1570008
047,978238
047,3927278
047,2213349
047,337703
047,1068182
047,704645
047,3360254
047,1874596
047,1834339
047,1247402
047,603916
047,4157235
047,4130492
047,3870490
047,3852158
047,3004061
047,3001416
047,1990768
047,846874
047,250224
047,1702398
047,2647181
047,2443541
047,1760157
047,1051867
047,932651
047,3773700
047,2348700
047,1249813
047,4534692
047,4126919
047,3955643
047,1200850
047,1324239
047,1237937
047,926291
047,2526256
047,1205126
047,655506
047,260808
047,3858390
047,3141634
047,2934168
054,2499993
054,2515200
054,2540320
054,2484022
054,2485127
054,2193137
054,2192798
054,153609
054,3076041
054,2195566
054,2195554
054,2192609
054,1754993
054,4631626
054,4485732
054,4154932
054,4095201
054,4011519
054,3986962
054,3986931
054,3986926
054,3986684
054,3671400
054,3269549
054,3145781
054,3066894
054,2981850
054,2691188
054,2511007
054,2500784
054,2195494
054,2193151
054,2193007
054,2192987
054,2192790
054,2192722
054,1899016
054,1799305
054,1534984
054,1304186
054,717211
054,647836
054,558839
054,206583
054,166123
054,124985
054,29207
054,4567855
054,4563724
054,4556813
054,4550683
054,4456137
054,4409148
054,4366478
054,4320729
054,4286320
054,4262527
054,4262434
054,4206036
054,4197217
054,4113937
054,4077988
054,4010490
054,3987355
054,3986963
054,3986960
054,3986954
054,3986952
054,3986947
054,3986942
054,3986941
054,3986940
054,3986932
054,3986930
054,3986925
054,3986685
054,3986673
054,3986666
054,3986665
054,3986664
054,3986662
054,3986655
054,3986654
054,3986653
054,3986651
054,3986650
054,3986648
054,3986647
054,3986563
054,3978806
054,3866127
054,3696665
054,3689662
054,3669161
054,3650825
054,3650824
054,3600435
054,3538953
054,3471252
056,2305775
056,881
057,555074
072,3110710
074,884035
079,1354115
079,4065532
079,2553526
079,1617001
079,445622
079,2387086
079,1008565
079,1260398
079,3137949
079,3988986
079,3922631
079,1616176
079,3748144
079,2423335
079,2964966
079,4452129
079,3840584
079,1465463
079,587346
079,3801566
079,1639933
079,3569914
079,760395
079,2557991
079,2194103
079,4546024
079,2963927
079,2387117
079,4088548
079,3490839
079,2481216
079,1617020
079,3873918
079,1617049
079,1593281
079,1203224
079,2989625
079,2387207
079,1518180
079,4203640
079,311079
079,4446738
079,4103008
079,3852380
079,2962131
079,1827533
079,1618135
079,1616596
079,1616842
079,1616085
079,1159313
079,3011882
079,1080504
079,2320404
079,2600658
079,2386992
079,4096105
079,3010410
079,2459573
079,3796361
079,4107697
079,4035043
079,3137349
079,2674994
079,2160754
079,1977643
079,4113922
079,4062701
079,3612679
079,2901625
079,2887151
079,1174018
079,194971
079,2481226
079,2387116
079,1800619
079,3172812
079,1973631
079,4134107
079,2057238
079,4503167
079,4391380
079,4347021
079,4119489
079,4072756
079,3172979
079,2112904
079,1616485
079,1248946
079,1008570
079,1002002
079,510854
079,482637
079,248307
079,2428768
079,2255398
079,1699703
079,1174062
079,3495257
080,1167842
080,1290427
080,237914
080,1530529
080,1576479
080,2303742
080,594175
080,509604
080,303984
080,2263410
080,2127656
080,3540847
080,2811009
080,2295762
080,2163900
080,2044065
080,2014260
080,1603017
080,1105617
080,738098
080,604895
080,387883
080,310954
080,1691557
080,4618700
080,3929627
080,3234347
080,2109027
080,2099079
080,604478
080,380097
080,2085015
080,4238785
080,4187348
080,4004642
080,3718644
080,3578832
080,3497818
080,2803937
080,2415367
080,2153703
080,2138343
080,2108979
080,1929834
080,1642986
080,1207450
080,1141199
080,1118211
080,1105808
080,4133510
080,2109903
080,1691505
080,4469757
080,3926176
080,3827381
080,3804746
080,3594944
080,3557074
080,3551868
080,3481540
080,2569039
080,2453054
080,2124639
080,2122803
080,2122251
080,1888005
080,1860645
080,1828489
080,1371156
080,1323220
080,1296582
080,927037
080,4585698
080,4493877
080,4485026
080,4362924
080,4217292
080,4149175
080,4078118
080,3914432
080,3700278
080,3474457
080,2691160
080,2566270
080,2452699
080,1691876
080,1691699
080,1691667
080,1642999
080,1407495
080,1355134
080,1209947
080,1190241
080,1123405
080,1076135
080,1026276
080,705194
080,629006
080,405219
084,2006653
084,1601939
084,1098464
084,1089338
084,2246228
084,1802257
091,996056
091,3111349
091,3871329
091,1691378
091,995953
091,4576385
091,3703495
091,3604913
091,3602127
091,2527907
091,352201
091,1110017
091,639810
091,3249730
091,1788811
091,1484734
091,4398895
091,2559381
091,269829
091,1837395
091,1243075
091,1484525
091,2511609
091,2511320
091,646070
091,1484137
091,4489635
091,3883885
091,3862739
091,2527915
091,2511614
091,2511600
091,2511502
091,2511492
091,2511429
091,1700946
091,1478432
091,434267
091,3536999
091,3057794
091,1932155
091,1409189
091,639986
091,196388
091,2527920
091,4317627
091,4057073
091,3694047
091,3598759
091,3329408
091,2511567
091,2511505
091,2511378
091,2511319
091,2325235
091,1953389
091,1901427
091,1689272
091,996069
091,996061
091,783307
091,726297
091,646291
091,639786
091,560344
091,4521307
091,2265439
091,1484258
091,822869
091,1772625
091,3135833
091,4279060
091,3871332
091,3820952
091,3387914
091,3311067
091,3303055
091,3293532
091,3222526
091,2672746
091,2453147
091,1893236
091,1789068
091,1690708
091,1476929
091,1475603
091,724005
091,640009
091,639701
091,3771499
091,3394187
091,1845273
091,1484538
091,1042987
091,822572
091,4487353
091,4486664
091,4091140
091,3939920
092,3324978
092,1307614
092,2534524
092,2530006
092,355726
092,1962938
092,3151749
092,3388426
092,1410808
094,1355245
102,2860875
102,4248249
102,4456876
102,2249122
102,2597281
102,2508642
102,224990
102,2864745
102,1760100
102,3401265
102,1195641
102,991618
102,1445726
102,294048
102,4039509
102,3672882
102,4250899
102,4302387
102,1953494
102,1340401
102,348617
102,4477084
102,3914808
102,3649245
102,886793
102,806991
102,1340408
102,499578
102,1876473
102,3067140
102,796906
102,4365061
102,3724946
102,3670178
102,356595
102,250222
102,4342963
102,3639841
102,1974809
102,1810980
102,1157252
102,539575
102,4249426
102,806946
102,2300928
102,1850266
102,4545726
102,4301033
102,4248378
102,3581426
102,2561257
102,2402877
102,2155231
102,1277502
102,926864
102,903296
102,565584
102,338621
102,2552597
102,1058740
102,2412933
102,3493679
102,3086986
102,2246404
102,1443368
102,3583736
102,4545871
102,3116299
102,2979136
102,990220
102,4179649
102,3330219
102,3683591
102,3389139
102,3369281
102,3013482
102,1157673
102,3624943
102,3571475
102,3543026
102,3457523
102,3337704
102,3178122
102,3107195
102,2809682
102,1784388
102,1629768
102,1412574
102,1294629
102,1144798
102,1080086
102,1015755
102,444666
102,402540
102,351440
102,127406
102,4086823
102,4252790
102,3964340
105,505744
105,2879756
105,132386
105,45641
105,42421
105,36611
105,4045621
105,4265015
108,2705133
108,3658575
108,346736
108,3513822
108,1517357
108,3227248
108,1271069
108,791632
108,4212726
108,800469
108,293723
110,3802081
110,3281527
113,2016207
113,2128941
113,2693350
113,967590
113,2510143
113,47652
113,3778949
113,54476
113,4487422
113,2730876
113,2294059
113,3555851
113,1489907
113,330039
118,1799000
118,2742443
118,384541
118,3614655
118,4342723
118,3993325
118,3635418
118,2165439
118,3330661
118,1537168
118,2304586
118,957742
118,1333115
118,3477195
118,2597114
118,640376
118,544790
118,1333265
118,1049075
118,4449228
118,3061952
118,2694032
118,2468106
118,1797913
118,329956
118,1843115
118,1620668
118,1447864
118,1407454
118,384880
118,3819073
118,3641745
118,2467529
118,1637304
118,1559208
118,1521034
118,1336886
118,970860
118,923375
118,4383467
118,4025882
118,397523
118,4220711
118,3690142
118,2698090
118,2694700
118,1372088
118,1181873
118,957856
118,758858
118,4377837
118,3635548
118,3635496
118,2975169
118,2731119
118,2720107
118,2702144
118,2304591
118,1411113
118,957734
118,390425
118,4621226
118,3816321
118,3799901
118,3779053
118,3614732
118,3494997
118,2767787
118,2242492
118,2202726
118,2191426
118,2189094
118,2101963
118,1988887
118,1803618
118,1798496
118,1655861
118,1637283
118,1559191
118,1329133
118,1329016
118,1229740
118,1135693
118,1086275
118,1025370
118,1012103
118,923529
118,838591
118,820918
118,640322
118,545069
118,384909
118,309315
121,3718598
121,3881447
121,2068875
121,1840324
121,3240402
121,4519115
121,2253083
121,3910106
121,3909969
121,3910070
121,3634581
121,3541980
121,3910078
121,2043973
121,930849
121,4207801
121,3910024
121,3910010
121,1912724
121,3909609
121,2641917
121,2053381
121,2499306
121,4302744
121,4297248
121,3910100
121,3910069
121,3909995
121,1594310
121,4083694
121,4520102
121,808424
121,808419
121,808415
121,1091750
121,4195598
121,4155622
121,4033492
121,3910074
121,3910041
121,3099872
121,2856188
121,2187475
121,2157975
121,2024565
121,1828828
121,1778572
121,1566093
121,1261893
121,1034518
121,979547
121,227340
121,4155612
121,4095263
121,3087835
121,2901574
121,1498289
121,864230
121,808420
121,4147757
121,4467042
121,4205804
121,4146502
121,4071701
121,4004512
121,3912394
121,3825900
121,3798538
121,3503896
121,3492312
121,3365588
121,3251423
121,2676502
121,2665384
121,2435928
121,2252247
121,1967979
121,1785590
121,1589368
121,1536867
121,1475822
121,1433747
121,1172799
121,1036705
121,984502
121,979552
121,843236
121,728181
121,598237
121,591771
121,576050
121,433374
121,371819
121,329523
121,327807
121,3715437
121,3420702
121,3954487
121,710788
122,3114291
122,645597
126,2925983
126,1928997
126,1835769
126,2084083
126,2639348
126,1088086
126,2417359
126,4590598
126,2177487
126,1119461
126,2317083
126,4269558
126,3063792
126,238538
126,2814026
126,1847991
126,2351325
126,2327893
126,2424007
126,2075549
126,2733707
126,4220537
126,1835634
126,1222712
126,2259099
126,2734387
126,4018601
126,275991
126,2194321
126,3760954
126,2261697
126,3063859
126,2084379
126,4223942
126,2734126
126,481807
126,2269140
126,3835977
126,1290608
126,1835650
126,4269542
126,2432010
126,2108396
126,4247028
126,4269549
126,4215730
126,2830659
126,2271872
126,2687133
126,700992
126,3776416
126,2391777
126,1847926
126,1847364
126,2109598
126,2733592
126,3715684
126,2093709
126,1371463
126,1846606
126,3762175
126,3526170
126,962405
126,4013169
126,2261497
126,1289704
126,2333891
126,276002
126,3760697
126,3618652
126,2173804
126,2258841
126,4269564
126,2345832
126,4226240
126,1835666
126,2082688
126,668250
126,3356422
126,2487816
126,3129497
126,4018068
126,2096313
126,1574610
126,635752
126,2734088
126,1114044
126,819889
126,2272059
126,4573253
126,4232799
126,383942
126,2258858
126,3774278
126,970071
126,2197688
126,3525696
126,3696839
126,352250
127,2527248
128,3458633
128,3465695
128,4582243
128,1169179
128,3681090
128,4132770
128,1243461
128,3944442
128,1936593
128,276152
128,4075727
128,1247825
128,4229060
128,1838410
128,190296
128,3480392
128,2221951
128,3132301
128,4117500
128,3750311
128,3834758
128,4184093
128,4106485
128,4120373
128,4108687
128,1921332
128,3682076
128,2395309
128,3703870
128,3055381
128,4118196
128,2344992
128,4122351
128,1212273
128,3508110
128,3682077
128,4127568
128,4623092
128,3607942
128,4181711
128,1874292
128,2644206
128,4372665
128,563023
128,4184329
128,3126653
128,1380017
128,202474
128,2224897
128,3750441
128,3989946
128,1961076
128,1717808
128,676988
128,256563
128,1835774
128,189439
128,908054
128,4037420
128,3669694
128,2258230
128,4268802
128,2219735
128,4153893
128,3697836
128,3669711
128,1228600
128,57302
128,69262
128,3130254
128,2552088
128,1160961
128,504452
128,3835872
128,2230614
128,1993497
128,3776925
128,3776914
128,1989724
129,2784275
129,2926182
129,603943
129,603713
129,603918
129,2421112
129,603942
129,2508152
129,1266452
129,1231576
129,1754755
129,1538505
129,987087
129,4621649
129,2245880
129,1761956
129,1618282
129,1266453
129,1244081
129,987090
129,3590192
129,2627937
129,1754757
129,4468540
129,3088954
129,2926171
129,2658081
129,1754790
129,1517926
129,1266460
129,131375
129,2649480
129,2290431
129,1825670
129,1517829
129,706376
129,702927
129,643874
129,520141
129,1483425
129,3992849
129,2948066
129,2926183
129,2678726
129,2508038
129,2456037
129,1762200
129,1517845
129,603736
129,3952317
129,3634418
129,2421048
129,1517828
129,1266455
129,1266445
129,636947
129,328746
129,4051914
129,3209707
129,1266454
129,229756
129,42341
129,4355755
129,3185055
129,2638205
129,2496470
129,2249424
129,1857258
129,1798660
129,1366760
129,987079
129,487313
129,453565
129,4450714
129,3944073
129,3942317
129,3793939
129,3771334
129,3681497
129,3011687
129,2611384
129,2421049
129,1830621
129,1517831
129,1483433
129,647421
129,603737
129,3094267
129,2553693
129,2508089
129,4255463
129,4245139
129,3822894
129,3489862
129,3196254
129,2926197
129,2627931
129,2508378
129,2508321
134,1465004
134,1400347
134,2393887
134,3840467
134,1484462
134,1342996
134,1014738
134,4216484
134,2335474
134,1633251
134,3315618
134,2711806
134,4581308
134,2101943
134,1410233
134,2105563
134,1400393
134,3685417
134,1484541
134,3033943
134,380074
134,1467220
134,4172910
134,3642745
134,1508409
134,1534042
134,20942
134,2269274
134,2259199
134,1923765
134,4591521
134,3619113
134,3043456
134,1761215
134,4064449
134,3212127
134,2261053
134,914799
134,494334
134,7123
134,3689316
134,2615466
134,2160986
134,317520
134,3642893
134,3642891
134,1484479
134,4396270
134,3087143
134,2936295
134,648644
134,2306934
134,4279991
134,3642949
134,2398807
134,919769
135,3014575
135,1022541
135,350119
135,3910999
135,3014574
135,1664867
135,3000247
135,4137339
135,3103503
135,207655
135,1833460
135,4154642
135,4103388
135,1967314
135,1771487
135,1043932
135,4120834
135,1387549
135,363384
135,4398815
135,3796481
135,4140254
135,4147665
135,1967313
135,1022542
135,4090676
135,3677259
135,1502455
135,1044675
135,4411618
135,350120
135,4096289
135,4137334
135,4125975
135,3910986
135,3514477
135,3014576
135,206727
135,4137346
135,4045842
135,3822195
135,3525420
135,3032281
135,2814759
135,2637172
135,2501541
135,2435208
135,1022543
135,984670
135,363385
138,2034114
138,2659866
138,4206630
138,407994
138,4502761
138,2069275
138,2596303
138,1507605
138,3777643
140,1953638
140,831044
140,1541357
140,4114491
140,2892103
140,3220330
140,4145441
140,889035
140,1408046
140,826642
140,4108467
140,2805341
140,4134336
140,4147469
140,3219573
140,4108624
140,4120454
140,3192612
140,1201822
140,4146713
140,2389178
140,1948569
140,4074478
140,206706
140,750380
140,892202
140,4110302
140,360208
140,2854035
140,205347
140,2990112
140,2671327
140,1957519
140,549388
140,3130883
140,4363251
140,2451123
140,4336811
140,4537828
140,3438773
140,2586367
140,473923
140,3482807
140,2200553
140,1664634
140,2080373
140,4145818
140,3133722
140,350243
140,206247
140,4120453
140,4206129
140,4150385
140,4079450
140,3571440
140,1404893
140,1998141
140,1442340
140,4455636
140,1053035
140,903184
140,200709
140,3030833
140,1862883
140,4360588
140,3637616
140,3161245
140,2289674
140,4373448
140,4147202
140,4086211
140,2600501
140,2451409
140,1259535
140,1259534
140,206223
140,3763698
140,661687
140,4130093
140,4070478
140,1306956
140,4108423
140,1093687
140,583055
140,4373445
140,1937050
140,4100482
140,3087865
140,4113696
140,4104415
140,4096650
140,4065631
140,2355724
140,1583656
140,1364147
140,3320479
140,699900
140,4182822
140,4107681
142,3742938
142,951180
142,3284029
143,1879903
143,1841691
143,2726286
143,3549847
143,2121256
143,1867414
143,1823552
143,1507347
143,1504370
143,1448150
143,449627
143,391868
145,2506619
145,2505817
145,2541604
145,4324144
145,2554246
145,2552411
145,3248059
145,2470086
145,2552379
149,4413278
150,2760642
150,3015131
151,3613615
151,843487
151,235398
151,1978011
151,512041
151,3834181
151,2183299
154,1625198
154,1565960
156,4200500
156,689738
157,3556100
157,2020079
157,2721830
157,1102208
157,2204308
157,1762552
157,1559193
157,2001946
157,1763656
157,1592008
157,820097
157,3744300
157,2068010
157,247566
157,3227570
157,3226069
157,2004890
157,668198
157,1513783
157,2827038
157,1626216
157,505744
157,2069784
157,2613720
157,371358
157,1799074
157,4308233
157,1626006
157,3776672
157,730430
157,2185477
157,2807415
157,3122548
157,4213657
157,664310
157,3445211
157,1040345
157,610039
157,3917952
157,3513548
157,2832114
157,2048543
157,3953386
157,3035007
157,2068947
157,1615478
157,3776414
157,601062
157,4217570
157,925565
157,4526954
157,2204272
157,4501854
157,4445784
157,375407
157,3123278
157,296760
157,3513614
157,2070455
157,3236359
157,2749029
157,4214845
157,2140424
157,4526135
157,2184234
157,982697
157,2976833
157,1766015
157,2259263
157,3307642
157,4226541
157,4619865
157,2612981
157,4020730
157,4538696
157,3815843
157,2014475
157,3490811
157,2102087
157,304597
157,2691668
157,453782
157,2077778
157,1494777
157,301476
157,633265
157,3226324
157,3277481
157,3723279
157,3134049
157,2587917
157,3065595
157,1615796
157,3556398
157,1632172
157,3530102
157,2282973
157,2691021
157,3539721
159,1576623
159,382523
159,284528
159,2755786
159,2046579
159,2762711
159,3286230
159,4413815
159,2262283
159,2746985
159,2244984
159,3275360
159,210034
159,299624
159,3034144
159,3616670
159,2044553
159,4225814
159,2441374
159,1597478
159,4261750
159,3717124
159,2164233
159,4579379
159,3477041
159,2017302
159,593377
159,2712360
159,2160573
159,4395852
159,1993674
159,1611842
159,3000211
159,2003359
159,1123532
159,3930648
159,2015414
159,698382
159,4184716
159,2976588
159,2146423
159,2084024
159,2740619
159,3754262
159,3639184
159,3412804
159,3600259
159,3484452
159,1927353
159,3972844
159,3692379
159,3036529
159,2303373
159,2020636
164,3545532
164,2269644
164,1235861
164,187017
166,2500800
166,3526027
166,4065536
166,978646
166,1696586
166,2122910
166,3660630
166,2404990
166,1329554
166,3369541
166,663738
166,392030
166,2095134
166,375195
166,1507848
166,1095176
166,1299817
166,629637
166,327246
166,3370554
166,1607567
166,1295311
166,1122533
166,2301538
166,2500748
166,2481682
166,2450719
166,3221998
166,2135823
166,1675132
166,1675001
166,578187
166,3516541
166,2854848
166,2133109
166,2031706
166,1215764
166,873663
166,632293
166,4365313
166,4065887
166,3976024
166,2748938
166,2033094
166,823642
166,2528136
166,4517685
166,2010455
166,4422508
166,3155784
166,3143141
166,2713768
166,2035237
166,3871548
166,1597371
166,1574651
166,1123435
166,593696
166,4176716
166,4065320
166,3286641
166,3230590
166,2604776
166,2278498
166,1496909
166,745624
166,2681511
166,3247926
166,3623625
166,4066468
166,3515259
166,2167488
166,1769597
166,4445577
166,4066469
166,3589352
166,2138125
166,2073824
166,2044779
166,2041976
166,553287
166,4066456
166,4066455
166,4065689
166,2150636
166,2136928
166,2044652
166,1606686
166,1591848
166,1477657
166,1291597
166,1095343
166,4346791
166,3556502
166,3097105
166,3001701
166,2321625
166,2095797
166,1809733
167,1027209
167,1659934
167,2495225
167,2476573
167,3380310
167,1504120
167,956668
167,2039196
167,1602592
167,3374567
167,837855
167,3545669
167,2880141
167,396420
167,4511755
167,4467774
167,3373972
167,3373350
167,1601204
167,1595881
167,1374556
167,1127501
167,688056
167,543671
167,137796
172,1282566
172,4446807
172,3737650
172,685332
172,2309600
172,1673614
172,4476158
172,4200918
172,3163915
172,3164326
172,603999
172,4476157
172,3523602
172,3164139
172,1799749
172,2594932
172,1800760
172,1452014
172,1405044
172,4476154
172,1516786
172,187371
172,4476156
172,4448471
172,3523927
172,1596876
172,1377213
172,1189431
172,2756020
172,2530598
172,4621418
172,1827183
172,1376852
172,4476159
172,4476155
172,4440346
172,3590877
172,3163077
172,2756297
172,1538306
172,1306142
172,454753
172,4513758
172,4507698
172,1762561
172,1366977
172,787731
172,2741829
172,2036733
172,1603919
172,1595150
172,438005
172,4526010
172,4476160
172,3614199
172,3466922
172,3274258
172,2809826
172,2597114
172,2426180
172,2309532
172,2102699
172,2021377
172,1817399
172,1537397
172,1009546
172,372170
172,4508404
172,3603176
172,2595525
172,2593940
172,2143788
172,1811072
172,1516879
172,1342724
172,4538598
172,4518383
172,4511280
172,4510312
172,4477189
172,4199333
172,4107264
172,3310770
172,3233556
172,3031110
172,2700369
172,2610883
172,2596783
172,2243800
172,2194781
172,2169019
172,2128823
172,1891785
172,1891649
172,1855753
172,1764130
172,1667951
172,1605737
172,1599583
177,758499
182,4475195
198,3109453
198,3766856
202,2701745
202,2835907
207,482584
209,808488
209,3059539
209,3482169
209,4289596
209,736579
209,808543
209,550867
209,1431470
209,3248801
209,3481045
209,1681911
209,4310587
209,3806555
209,1211495
209,3773814
209,2738339
209,808572
209,349727
209,3763981
209,3525782
209,1531282
209,2644946
209,1053031
209,1709957
209,570869
209,3968404
209,1976593
209,1700786
209,1709958
209,444700
209,4318326
209,3827162
209,2174882
209,4318329
209,2998582
209,1659333
209,808470
209,3248280
209,352590
209,305862
209,808484
209,1473761
209,466697
209,2944070
209,1142409
209,1588055
209,750607
209,280198
209,2077472
209,2830739
209,3746723
209,2526161
209,2469558
209,3041746
209,3530078
209,3560644
212,3957169
212,2944892
212,1681223
212,4316731
212,2840173
212,2438404
212,2008779
212,4264601
212,4263249
212,222799
212,4100948
212,4127539
212,3870025
212,1467251
212,4490481
212,1977506
212,4136253
212,3325476
212,205243
212,4082110
212,3961631
212,3187301
212,4094452
212,1794388
212,1837719
212,657277
212,948433
212,4487649
212,2264749
212,723450
212,4190412
212,4077159
212,4102745
212,1409101
212,1018026
212,3191603
212,1380032
212,1947403
212,4185322
212,705916
212,4095280
212,414672
212,202474
212,4283073
212,1489929
212,1868840
212,2035803
212,1509053
212,1759811
212,4090916
212,4143133
212,2108130
212,347339
212,965322
212,4134766
212,3216011
212,4098271
212,840404
212,2286883
212,2818323
212,2069651
212,1379940
212,4133767
212,4094451
220,4143610
225,3639292
227,1665964
227,1202267
227,1895672
227,1665949
227,2397306
227,4366176
227,3799573
227,3313905
227,2917079
227,1872001
227,1227691
227,1202490
227,952950
227,911364
228,2331361
231,3771693
231,2249122
231,2861123
231,4435869
231,2839133
231,4289981
231,2483598
231,1939668
231,1939415
231,1939359
231,4290311
231,2049633
231,530127
231,1939812
231,1939583
231,1939437
231,575994
231,2376576
231,3911739
231,996402
231,3470939
231,1902346
231,3109903
231,1939192
231,3150478
231,2763904
231,2076858
231,2076573
231,1939546
231,1782195
231,1781818
231,1649003
231,787371
231,774716
231,1939191
231,3913963
231,3212101
231,3075426
231,1985999
231,1939604
231,1939581
231,1694499
231,876921
231,2624589
231,1953822
231,475045
231,4526458
231,4376427
231,4290335
231,3903514
231,3860803
231,3096191
231,3096151
231,2853401
231,2359939
231,1939816
231,1939297
231,1474462
231,1451539
231,1406656
231,1333677
231,1279421
231,1277349
231,901801
231,3123854
231,2269688
231,1986000
231,1773444
231,1939666
231,1593452
231,336631
231,4583868
231,4463771
231,4532603
231,4319526
231,4041033
231,3919685
231,3904104
231,3582100
231,3438408
231,3069062
231,2584143
231,2465583
231,2378585
231,2377881
231,2269041
231,2190989
231,1974765
231,1939647
231,1939608
231,1939569
231,1719009
231,1687752
231,1148322
231,717007
231,643429
231,268679
231,1953774
231,3486962
233,4120762
233,1202286
233,1665949
233,4114808
233,576615
233,911367
233,4444131
233,349716
233,4042110
233,4619286
233,4122609
233,234190
233,1078172
233,4619294
233,725756
233,2495889
233,1195715
233,2203252
233,2645109
233,2501569
233,1749734
233,2266953
241,1970099
241,1075111
241,1054280
241,1075079
241,1075308
241,1075028
241,3362196
241,3161366
241,994396
241,994368
241,895962
243,507109
243,3219128
243,4197312
243,2527553
243,3107710
243,2387143
243,2387180
243,2387216
243,2387121
243,2387035
243,2387177
243,1157782
243,3613125
243,2387185
243,2963973
243,2387116
243,2387112
243,2387037
243,2618985
243,3629469
243,2273980
243,1446045
243,3291751
243,2000292
243,1976370
243,3499539
243,1631371
243,985983
243,2663800
243,1061446
243,4272987
243,3989057
243,3864574
243,2916295
243,2273992
243,2057702
243,942368
244,550071
244,2413991
244,3964088
244,3272459
244,3235681
244,3199572
244,1697424
244,4510475
244,3918046
244,1516312
244,1221686
244,4491342
244,4449261
244,3539567
244,2276182
244,2188019
244,4350457
244,3930779
244,3763341
244,3762613
244,3182001
244,2771861
244,2271600
244,2161013
244,2111347
244,2065373
244,2047124
244,1925404
244,1897276
244,1883260
244,1822300
244,1676963
244,1267789
244,1126863
244,829569
244,663835
244,341978
244,341192
248,1039779
248,833675
248,3457742
248,2909670
248,2933114
248,4071956
248,2912261
248,493301
248,3835264
248,3831806
248,2910835
248,2910834
248,2910099
248,2908765
248,2908717
248,1280193
248,548804
248,2909391
248,4532106
248,2930655
248,2910412
248,2906878
248,3899525
248,3592321
248,2912102
248,2908716
248,2908683
248,1985906
248,2907567
248,3884978
248,1716957
248,1535632
248,2907061
248,3250221
248,2910736
248,2298312
248,1627423
248,1249076
248,593335
248,551665
248,2912198
248,2907459
248,2910195
248,3028607
248,2907340
248,3901602
248,3334289
248,2907682
248,2907500
248,2907407
248,2907328
248,2907284
248,2657160
248,2418391
248,1632693
248,1627532
248,737186
248,726591
248,650329
248,455537
248,239662
248,3820834
248,2907261
248,2754146
248,4227057
248,3820832
248,3278412
248,2907961
248,2764286
248,1107711
248,887239
248,3611944
248,2911770
248,2908768
248,2912454
248,2910007
248,2909871
248,2909445
248,2909249
248,2908833
248,2908709
248,2908511
248,2908489
248,2908234
248,2901925
248,1830344
248,1255553
248,954894
248,774646
248,3735800
248,2908062
248,2389402
248,2374596
248,1755181
248,1309757
248,1051318
248,837472
248,516032
248,3735765
249,2178488
250,1354115
250,1461586
250,3291623
250,3291751
250,272537
250,3871932
250,1461581
250,2387213
250,994978
250,2677037
250,1357064
250,212216
250,3246827
250,2686125
250,4080080
250,3292190
250,3181403
250,2494036
250,383476
250,2939585
250,1083895
250,2758611
250,3969042
250,3758228
250,3758221
250,3198873
250,2685530
250,1182285
250,772863
250,3912643
250,1992586
250,383425
250,3674897
250,1461591
250,3816216
250,3731824
250,3407437
250,3291859
250,2648967
250,2248234
250,2178625
250,2164238
250,2017792
250,1921482
250,1089092
250,909869
250,383488
250,383487
250,1733039
250,4595516
250,3293938
250,2740376
250,2681657
250,1947879
250,1271746
250,524466
250,367350
250,8142
255,4045567
255,1180220
258,2069025
258,4013111
258,3615065
258,3307697
258,881382
258,3230487
258,2902804
258,1133048
258,3167008
258,4400819
258,2614431
258,2089163
258,1927000
258,1754337
258,1223978
258,293646
258,243863
258,1261740
258,3247898
258,914702
258,1439467
258,4616400
258,4445474
258,4005444
258,3774345
258,3656236
258,3518113
258,3444374
258,3044350
258,3031525
258,2997397
258,2880581
258,2441015
258,2387657
258,2158959
258,2143252
258,2129823
258,2125456
258,2121139
258,1770876
258,1698628
258,1518528
258,1378261
258,1301642
258,1167850
258,1101822
258,867980
258,376769
258,2154865
258,3825401
258,2164368
258,881286
258,858039
258,356680
258,4062120
258,1667969
258,1223311
258,605474
258,191803
258,4005519
258,3418540
258,1287637
258,1227288
258,4503774
258,4413824
258,4339690
258,4173640
258,4157638
258,3975332
258,3975135
258,3691976
258,3564163
258,3547901
258,3546739
258,3443381
258,3226777
258,3224973
258,3221464
258,3163978
258,3111700
258,3046056
258,3036110
258,3000919
258,2872411
258,2872131
258,2815635
258,2725930
258,2701607
258,2681732
258,2654598
258,2401127
258,2391494
258,2255433
258,2250154
258,2194206
258,2184995
258,2178425
258,2163583
258,2135145
259,127017
259,443001
259,17253
259,15509
259,2088792
259,407456
259,4329122
259,4329625
259,2495112
259,1639449
259,4329442
259,4329441
259,4329179
259,4329178
259,18057
259,4131224
259,4490417
259,4240622
259,4329468
259,4329121
259,4328925
259,3917521
259,4071879
259,2503870
259,3368076
259,3472584
259,3017484
259,3217306
259,1271058
259,848121
259,2503869
259,2503866
259,3069205
259,448373
259,3272876
259,2503972
259,2503971
259,2503970
259,2503959
259,2503933
259,2503931
259,2503871
259,2503867
259,137683
259,4587315
259,3368137
259,1010873
259,4329154
259,1544806
259,1434012
259,14829
259,2712542
259,4005134
259,2503973
259,2503969
259,2503968
259,2503967
259,2503966
259,2503965
259,2503964
259,2503962
259,2503961
259,2503960
259,2503958
259,2503957
259,2503956
259,2503955
259,2503954
259,2503953
259,2503951
259,2503950
259,2503949
259,2503948
259,2503947
259,2503946
259,2503945
259,2503944
259,2503943
259,2503942
259,2503940
259,2503939
259,2503938
259,2503937
259,2503936
259,2503935
259,2503934
259,2503932
259,2503929
259,2503928
259,2503927
259,2503926
259,2503925
259,2503924
259,2503923
259,2503922
259,2503921
259,2503920
259,2503918
259,2503917
260,2458823
260,1986620
262,2501595
262,984788
263,4129604
263,1567869
263,3610184
263,2405159
263,4243663
263,435017
263,2502437
263,4243634
263,3244631
263,831044
263,4185287
263,4147157
263,3706826
263,4609597
263,323860
263,4072472
263,1005699
263,4083011
263,3700709
263,2320404
263,1211747
263,4203408
263,4122514
263,4556876
263,4243620
263,4113499
263,4095328
263,2860317
263,1687281
263,1542625
263,4082094
263,3659727
263,1765311
263,961793
263,644273
263,499481
263,3823420
263,713957
263,592023
263,136385
263,3422098
263,4098380
263,4090325
263,1239560
263,92038
263,4116412
263,1975158
263,1953638
263,1066901
263,870951
263,2860319
263,2433321
263,1779340
263,872546
263,4107744
263,4074782
263,4058862
263,3828759
263,2458154
263,681855
263,783388
263,4102355
263,4075372
263,1702754
263,1541357
263,4135269
263,1662975
263,4221012
263,4123249
263,4111965
263,3558358
263,3129199
263,2860312
263,3806580
263,2640890
263,446386
263,4243698
263,1948605
263,4131502
263,3261801
263,2927564
263,2121729
263,2085547
263,499932
263,351218
263,7094
263,2565417
263,622378
263,3313644
263,1779358
263,3997934
263,2017384
263,1656659
263,4142793
263,3910986
263,3699698
263,2926176
263,2298706
263,1203767
266,3608817
269,2916531
269,3177009
269,2854373
269,756957
272,755111
272,543002
272,735263
272,533011
272,2412803
272,1664275
272,4338194
272,989287
272,4529577
272,904886
272,3222897
272,3619346
272,3451973
272,841823
272,4182726
272,1900415
272,1240876
272,2990357
272,1648881
278,4248646
278,2021009
278,334089
278,308376
279,928480
279,4086983
281,2508102
281,1681766
281,3865942
281,1808351
281,1949623
281,3755948
281,2588828
281,335525
281,1152454
281,1001589
281,3264473
281,604253
281,4422635
281,1027029
281,1891066
281,1473703
281,4331602
281,341763
281,1755609
281,1134605
281,1170126
281,2022235
281,4525875
281,2311811
281,912067
281,835742
281,2886234
281,1272978
281,3459345
281,3670524
281,1052592
281,2871128
281,3671370
281,2706943
281,4240036
281,3977879
281,3514004
281,4190803
281,3795067
281,3311948
281,3101168
281,4261712
281,3483692
281,1548885
281,972004
281,2944623
281,1860315
281,1759797
281,4582772
281,4281317
281,3741663
281,3351849
281,1751068
281,990995
281,3320666
281,1304773
281,4456561
281,4014470
281,2590556
281,2589117
281,485506
281,4362176
281,2991832
281,2991795
281,4461941
281,4047029
281,3815815
281,3457301
281,2792864
281,2772121
281,2682281
281,2580231
281,1977884
281,1747261
281,1588431
281,1023050
281,774349
281,682941
281,624690
281,527612
281,4272049
281,3637054
281,3319578
281,1901814
281,833599
281,3152304
281,3018531
281,1569249
281,833597
281,4519164
281,4026093
281,3673708
281,3532489
281,4256953
281,2704162
281,575961
281,1711457
281,4543062
281,4468068
282,4191471
282,818111
282,3157690
282,3339126
282,1768071
282,2309322
282,3339009
282,3070877
282,2309600
282,774030
282,1754865
282,700565
282,4500339
282,3338726
282,774065
282,4579390
282,505040
282,3761205
282,603999
282,603998
282,3164139
282,313640
282,1799865
282,4176079
282,2811049
282,1615566
282,774031
291,1418548
291,3583141
291,2798623
291,2997617
293,4548387
293,1964470
293,4547533
293,4548388
293,2404096
293,2928157
293,351647
293,4547127
293,3839206
293,3257569
293,2931933
293,1006981
293,654506
293,3442144
293,3064841
293,466516
293,3795733
293,3596807
293,1006966
293,470119
293,466947
293,366214
293,351715
293,4340008
293,2056024
293,1964567
293,1964535
293,4078402
293,3076477
293,2746088
293,1620483
293,502773
293,350831
293,350191
293,673648
293,4547683
293,2980003
293,2915065
293,348979
293,4052261
293,3734296
293,3499177
293,3447359
293,2983182
293,2857304
293,2364821
293,949746
293,837589
293,781933
293,588241
293,4319094
293,3718113
293,1970736
293,1969159
293,1174042
293,3930012
293,2241286
293,4589494
293,4479560
293,2979461
293,769660
293,469161
293,2312433
293,2274688
293,936589
293,4579754
293,3451476
293,3271776
293,3173008
293,2978541
293,2945474
293,2831923
293,2777935
293,2689866
293,2459626
293,2422100
293,1935102
293,1471469
293,1162223
293,1112281
293,1028432
293,754178
293,750139
293,558707
293,371168
293,241353
293,4615419
293,3983898
293,3838800
293,3815803
293,3690292
293,3500368
293,3275129
293,2987381
293,2978521
293,2839065
293,2796244
293,2787076
293,2324559
294,2527248
294,2535191
294,2525226
294,2524400
294,2966175
294,964878
294,4461269
294,515110
294,3245320
294,2535013
294,1026084
294,825291
294,2535087
294,2524391
294,3185694
294,2535169
294,1457854
294,1857831
294,1563818
294,3246545
294,4417884
294,3836355
294,3562577
294,2487615
294,2306650
294,726250
294,3530223
294,1465777
294,2824635
294,2535068
294,2524398
294,2234607
294,4340877
294,3682939
294,3116954
294,2524399
294,2259353
294,2255462
294,1897389
294,1745332
294,946298
294,627548
294,603862
294,3944014
294,2908848
294,2535207
294,1701445
294,1039779
294,1011535
294,833675
294,591408
294,530256
294,481687
294,3835473
294,3319698
294,4265604
294,571569
294,4633134
294,4539075
294,4188104
294,3730641
294,3701495
294,2947524
294,2912531
294,2909798
294,2535069
294,2524393
294,1898627
294,1364695
294,690707
294,4630787
294,4620347
294,4553603
294,4283172
294,4043393
294,4011386
294,4001532
294,3938163
294,3835262
294,3834714
294,3684599
294,2913892
294,2911436
294,2910693
294,2909545
294,2885821
294,2235131
294,1843297
294,1831147
294,1789177
294,1695367
294,1106504
294,646755
294,576478
294,283136
294,4307157
294,4037178
294,4029209
294,3816016
296,1974759
296,3317233
296,4333855
296,462220
296,562823
296,636307
296,462213
296,4126493
296,4179240
296,4289701
296,462241
296,899372
296,4480619
296,1094808
296,4324784
296,1128020
296,880312
296,688199
296,1237996
296,558223
296,462240
296,3253309
296,648187
296,462219
296,462230
296,2728673
296,4060692
296,3894202
296,3077210
296,462232
296,426967
296,869241
296,2455270
296,1705581
296,1468029
296,964876
296,2890070
296,2888766
296,2723736
296,1595497
296,2574090
296,3893833
296,4475937
296,4475936
296,2763424
296,462217
296,4290062
296,636312
296,4481166
296,3537360
296,2296718
296,2201095
296,2019272
296,462234
296,462225
296,4513926
296,3893222
296,3389814
296,3161101
296,938501
296,837507
296,746392
296,3872967
296,462239
296,2679750
296,2039667
296,1974649
296,462236
296,3596183
296,2930074
296,3660687
296,2718598
296,187920
296,3689203
296,2784625
296,462237
296,462235
296,462231
296,462228
296,823857
296,4606780
296,4464526
296,4126899
296,3967727
296,3831288
296,3750260
296,3633585
296,3506916
296,3468783
296,2701635
296,462214
296,3708616
296,2809439
296,1476063
296,1327309
296,1118078
296,4348277
296,4170598
296,3545564
298,463348
302,4296573
302,3784320
302,3553118
302,3212996
302,4515952
302,1987011
302,196919
304,2482656
304,1125854
304,4518919
304,3606834
304,2250906
304,544282
304,1129936
304,202093
304,1133745
304,1128167
304,1126829
304,2725278
304,1741510
304,1223906
304,4240506
304,4240505
304,4240504
304,4240503
304,4240502
304,1170988
304,1131454
304,1127115
304,4505960
304,4502077
304,4375943
304,4340339
304,4249655
304,4174706
304,3929453
304,3914490
304,3911465
304,3799052
304,3564359
304,3320424
304,3311078
304,3078687
304,2804996
304,1970179
304,1927887
304,1886100
304,1483520
304,1358046
304,1145033
304,1144743
304,1119276
304,482807
306,2511462
306,849305
306,1273185
306,2109904
306,1272982
306,1273184
306,1273314
306,3560303
306,4264008
306,1273191
306,1273186
306,1644558
306,4019098
306,1953061
306,1273328
306,1272985
306,1272966
306,995891
306,3461022
306,1273193
306,2565717
306,1273242
306,1273192
306,1273189
306,1221403
306,607710
306,1374637
306,4116624
306,3024950
306,1919202
306,1878092
306,1852584
306,1852583
306,1273315
306,1273309
306,1272979
306,336098
306,4222749
306,1273188
306,4532595
306,4198728
306,3884123
306,3560330
306,3172249
306,1878089
306,1273323
306,1273200
306,4081644
306,3750434
306,1641649
306,1148372
306,1095477
306,3128900
306,2566039
306,1273353
306,659984
306,518562
306,4534820
306,4532596
306,3918565
306,3329460
306,3059325
306,1919987
306,1621204
306,1484184
306,1273351
306,1273313
306,1273153
306,1273091
306,1272936
306,993259
306,836136
306,3929816
306,3922747
306,2745300
306,2545708
306,2215863
306,1085174
306,956752
306,4535076
306,4425778
306,4424271
306,4052206
306,3847886
306,3749996
306,3167225
306,3100267
306,2566930
306,2565728
306,2565716
306,2564443
306,2451577
306,2158740
306,2042617
306,1273190
306,1273187
306,1272855
306,1171809
306,889019
307,3832926
307,3942786
307,4264687
307,4126619
307,3857707
307,3752521
307,1644560
307,256336
307,1644558
307,4106032
307,3018585
307,2567910
307,3857706
307,4586293
307,4073091
307,4019049
307,1643179
307,4086111
307,4019098
307,3845964
307,2451577
307,2034760
307,1919987
307,1794279
307,1644559
307,1171809
307,921317
307,611777
307,2860534
307,2622748
307,1795833
307,4234957
307,4116626
307,4113829
307,4056782
307,3905986
307,3865082
307,3759624
307,3611109
307,3483836
307,3168135
307,3147473
307,3132516
307,3054571
307,2997421
307,2808721
307,2807640
307,2582160
307,2436726
307,2017825
307,1878089
307,1859294
307,1769281
307,1726866
307,1621204
307,1273314
307,1171801
307,326545
307,257256
308,632284
312,2404520
312,2908243
312,2075515
312,2404632
312,3704591
312,2141227
312,2139353
312,1683107
312,313017
316,3060022
320,3275668
320,1681114
323,296762
323,783633
326,3880866
327,597325
327,2908565
327,597328
327,1518906
327,592770
327,592766
327,3015473
327,1043340
327,592772
327,592771
327,592768
327,592762
327,592761
327,1220033
327,4314477
327,597302
327,3026731
327,1953999
327,593762
327,593500
327,592769
327,592767
327,592765
327,592764
327,592763
327,593755
327,592581
327,4297523
327,2581524
327,597340
327,519959
327,4464987
327,3871558
327,2115758
327,843877
327,594311
327,594011
327,593532
327,592954
327,592877
327,592786
327,592685
327,592559
327,592553
327,592368
327,4152297
327,4090895
327,3792177
327,3271877
327,2891676
327,2552635
327,1962148
327,1947132
327,1912075
327,1724197
327,1483271
327,1477284
327,1019326
327,1019281
327,922281
327,777288
327,593868
327,593136
327,593067
327,593060
327,593044
327,592885
327,592857
327,592687
327,592632
327,592379
327,376544
327,256327
327,209893
329,2714747
329,950093
329,3766016
329,512778
329,3767365
329,3237742
329,698169
329,328092
329,392168
329,3258055
329,687452
329,4199132
329,4198779
329,3909543
329,3480646
329,3472862
329,2804651
329,1124577
329,818636
329,697975
329,3227411
329,2109644
329,2018559
329,698245
329,74986
329,1126073
329,3480748
329,2706830
329,2399828
329,698145
329,698138
329,698050
329,698026
329,698018
329,697987
329,327992
329,4570981
329,2764922
329,2302921
329,1468937
329,697199
329,697055
329,697018
329,633047
329,4430780
329,4292362
329,4292157
329,4195482
329,4012006
329,3929791
329,3700709
329,3595311
329,3427386
329,3343112
329,3289209
329,3073837
329,3055735
329,2934740
329,2842441
329,2842440
329,2842373
329,2842342
329,2812312
329,2752372
329,2489377
329,2489374
329,2418337
329,2146565
329,2125643
329,2107422
329,1328267
329,1132391
329,1078125
329,728964
329,697065
329,696929
329,696847
329,696746
329,370170
329,171540
329,163570
329,163385
329,156960
329,149482
329,142397
329,139197
329,135687
329,132363
329,128888
329,126018
329,122779
329,117264
329,115067
329,115066
329,105275
329,84413
329,83071
329,80526
329,80511
330,724650
330,4378134
330,4523969
330,2676314
330,724655
330,2326326
330,1695681
330,3589075
330,3402449
330,2704334
330,2717529
330,4191425
330,1762272
330,1683034
330,1546833
330,1466548
330,378593
330,724845
330,1912815
330,1857432
330,2552624
330,724849
330,724656
330,724651
330,3521124
330,2075985
330,3022857
330,724844
330,2944278
330,173288
330,2566572
330,4523970
330,2886759
330,1838227
330,724749
330,2973503
330,724652
330,4549597
330,4207626
330,4138242
330,2153406
330,724654
330,724653
330,173009
330,75305
330,1789018
330,4165012
330,3890850
330,3862237
330,1278868
330,1254730
330,1053234
330,724852
330,724592
330,512825
330,481317
330,4553200
330,3212529
330,3169942
330,2045454
330,3562400
330,2801307
330,1512527
330,1476180
330,713795
330,4282710
330,4082081
330,4082057
330,3160441
330,1121059
330,2955909
330,1546797
330,1083588
330,724637
330,572494
330,512829
330,499163
330,183121
330,181850
330,3583643
330,2553559
330,2414507
330,2153407
330,2153405
330,1344113
330,1082651
330,724657
330,713757
330,230
330,2312031
330,2116184
330,933941
330,713659
330,268848
330,4583833
330,4516256
330,4442199
330,3583534
330,3498691
334,509897
334,3137746
334,1606308
334,2193212
334,4077163
334,3138007
334,1378167
334,3466817
334,3108300
334,583591
334,4517107
334,4440298
334,4440265
334,4375184
334,4012872
334,3977023
334,3976281
334,3975656
334,3762687
334,3519844
334,3509759
334,3466816
334,3441187
334,3065215
334,2699541
334,2673547
334,2270542
334,2249940
334,1963892
334,1894444
334,1547481
334,1414594
334,1319847
334,1034665
334,862544
334,822313
334,616557
334,583647
334,496884
334,328453
334,315593
335,660268
335,4290431
335,4290473
335,3072069
335,1974759
335,836348
335,4290492
335,1975032
335,4290034
335,4290010
335,4290408
335,4290318
335,3861110
335,3861108
335,4290290
335,4290041
335,3068164
335,2651776
335,720897
335,4290202
335,3317233
335,3068213
335,3048218
335,4290469
335,3861099
335,3068172
335,3012951
335,2376470
335,4551386
335,4361716
335,4339249
335,4324725
335,4300180
335,4290387
335,4290015
335,4289999
335,3964227
335,3861330
335,3861103
335,3484548
335,3068269
335,3068111
335,2623486
335,2376703
335,368890
335,4290352
335,4290219
335,4290159
335,4290129
335,4290086
335,3861382
335,3699970
335,3194108
335,3109913
335,3068204
335,3068080
335,2729231
335,2300394
335,2130120
335,1975093
335,1974650
335,1848663
335,1277021
335,881561
335,880129
335,4573669
335,4524874
335,4480619
335,4333856
335,4324750
335,4324738
335,4290388
335,4290378
335,4168981
335,3903701
335,3895359
335,3891557
335,3685165
335,3658295
335,3586375
335,3068406
335,3068364
335,3068344
335,3068215
335,3068122
335,2902328
335,2170558
335,2130119
335,2044429
335,2037642
335,2036727
335,1874584
335,1855870
335,1690100
335,1506376
335,1017399
335,961513
335,825229
335,652925
337,4195709
337,886747
337,4331691
337,3068573
337,887439
337,4265188
337,3577653
337,948100
337,3895096
337,3859358
337,3100517
337,1305732
337,3404853
337,2235599
337,886897
337,4084860
337,3862185
337,3424177
337,2547768
337,1681938
337,887188
337,886987
337,592655
337,2552642
337,1003908
337,3560409
337,1578687
337,886744
337,887417
337,887076
337,886793
337,5118
337,3452600
337,2475680
337,4433329
337,4084853
337,3768184
337,3466943
337,2719551
337,2515525
337,1579594
337,1192692
337,887339
337,887229
337,270777
337,164413
337,3424185
337,3225827
337,1078635
337,886752
337,403335
337,1834983
337,869353
337,869241
337,4401380
337,3883304
337,3454014
337,3221899
337,1839141
337,887536
337,887526
337,887435
337,887067
337,886961
337,462101
337,4046725
337,3751923
337,611097
337,4432676
337,4431446
337,4426859
337,4426083
337,4424544
337,4394747
337,4196481
337,3975119
337,3819835
337,3563425
337,3523128
337,3414411
337,3374573
337,3288062
337,3116878
337,3115088
337,3074508
337,2950741
337,2764053
337,2759521
337,2134568
337,1330126
337,1281007
337,1168148
337,887338
337,887287
337,887250
337,887165
337,886849
337,886757
337,757894
338,1974876
338,4290414
338,3076574
338,4400611
338,988052
338,1757481
338,4400594
338,2801327
338,4400610
338,573777
338,1050297
338,3654476
338,3374459
338,1469159
338,3676583
338,4400599
338,1468567
338,518099
338,4400605
338,3724629
338,2155062
338,573754
338,3580380
338,1820010
338,4400598
338,629932
338,1279959
338,3654350
338,1517162
338,3063554
338,869217
338,2266355
338,4400614
338,2033876
338,3008046
338,2385411
338,3063522
338,753063
338,2552846
338,2133200
338,188069
338,3074071
338,1483093
338,736449
338,668031
338,869241
338,4400615
338,3958229
338,869377
338,4400601
338,2912206
338,2578825
338,1061438
338,3100758
338,553108
338,238839
338,4400572
338,3238758
338,869201
338,188390
338,790491
338,188288
338,869376
338,4208257
338,1238291
338,4456655
338,3407129
338,3374455
338,2986765
338,2624516
338,4401367
338,2837467
338,922187
338,188714
338,188067
338,3404246
338,2266358
338,869328
338,11052
338,4401286
338,4400503
338,1760521
338,188185
338,869177
338,188290
338,869475
338,4433661
338,3251196
338,2624536
338,1218517
338,4401365
338,4401331
338,4401217
338,3374457
338,888788
338,788447
338,2624513
338,7927
338,4433350
341,1202282
341,1202493
341,4444173
341,4444185
341,4444169
341,1202242
341,3560089
341,1202376
341,3150805
341,4493473
341,4444176
341,3327237
341,1202462
341,1202322
341,3034535
341,2650344
341,2414090
341,1271825
341,845885
341,4425079
341,4404526
341,2817817
341,1202334
341,1202326
341,1202253
341,1202252
341,2718332
341,249952
341,4237668
341,1843064
341,572431
341,3484731
341,2927558
341,2653627
341,1372506
341,631986
341,194149
341,155234
341,3503875
341,1360454
341,1232721
341,4444177
341,4444171
341,3579746
341,2374936
341,2363430
341,2350064
341,1271255
341,1202257
341,1201458
341,3150548
341,2858571
341,2763477
341,2375492
341,1434006
341,1089935
341,738066
341,4444180
341,4245212
341,4127197
341,4070247
341,3754807
341,3484732
341,3095462
341,3041237
341,2650104
341,2432611
341,1939909
341,1867138
341,1859580
341,1207841
341,1147182
341,866217
341,4547866
341,4148712
341,3750322
341,3143435
341,2944850
341,2900458
341,2817813
341,2592989
341,2442876
341,1701207
341,1648348
341,1550362
341,1503145
341,1481124
341,1368410
341,1360456
341,1343643
341,1105168
341,1037110
341,1027856
341,945479
341,711857
341,608521
341,582475
341,349041
341,115181
342,4630159
342,4417972
342,1316124
342,2536643
342,2981243
342,1315437
342,4332908
342,3086780
342,2847128
342,2054688
342,500795
342,3674939
342,3674938
342,2928996
342,3971799
342,2766438
342,2470059
342,2178232
342,1316179
342,2185626
342,1009944
342,3573088
342,2375941
342,3490694
342,2750797
342,2507838
342,2193818
342,2181876
342,1998799
342,1852811
342,1488558
342,1316178
342,1316131
342,1230775
342,997585
342,852023
342,761988
342,466524
342,441609
342,252149
342,3674928
342,1933623
342,1933559
342,1444541
342,1380671
342,1316197
342,1316136
342,1316135
342,1002429
342,969545
342,829200
342,1313979
342,3658600
342,3658650
342,3658583
342,3658516
342,2689073
342,2185156
342,1985028
342,1405004
342,820108
342,59409
342,4630021
342,4382503
342,4323473
342,4323358
342,4323182
342,4323142
342,4043159
342,4041107
342,3505684
342,3485764
342,3168275
342,2993222
342,2977978
342,2926587
342,2787092
342,2518607
342,2511392
342,2452305
342,2365046
342,2185678
342,2104620
342,2071033
342,1918233
342,1682784
342,1614439
342,1436320
342,1407243
342,1339974
342,1335347
342,1319310
342,1316186
342,1316177
342,1316172
342,1316160
342,1316156
342,1316150
342,1316144
343,451892
343,3558055
343,789850
343,3812051
343,2008322
343,919884
343,4171754
343,1528722
343,3545320
343,2992441
343,3549299
343,662418
343,489445
343,450939
343,3868150
343,4213815
343,4060969
343,4005711
343,3689847
343,2406848
343,2126254
343,1813545
343,1335425
343,1334633
343,1040378
343,314083
343,2126280
343,1607509
343,1714639
343,4507216
343,3876405
343,3288737
343,2728963
343,2145357
343,1841036
343,1334533
343,963297
343,4193148
343,3517422
343,2126260
343,1334567
343,762516
343,4522492
343,4207884
343,4198335
343,4173522
343,4094719
343,4005144
343,3765327
343,3545327
343,3545322
343,3539832
343,3264698
343,2828382
343,2152957
343,2126278
343,1813352
343,1787819
343,1772951
343,1334615
343,1334510
343,953563
343,592052
343,305542
343,290474
343,4377372
343,3730102
343,2710072
343,2167890
343,2139138
343,1696957
343,1334712
343,1334582
343,1334562
343,1334561
343,787796
343,3567787
343,4177325
343,4171306
343,4171305
343,4136759
343,4005035
343,3907892
343,2278491
343,2126248
343,1772953
343,1524310
343,1513457
343,1408130
343,1334727
343,1334646
343,1334611
343,1334565
343,1334551
343,1300386
343,1300382
343,1274063
343,953562
343,876087
344,3261703
344,2974824
344,1712680
344,1668749
344,1330744
349,1779335
349,1779356
349,1779375
349,1779373
349,1779345
349,1684503
349,3233320
349,919510
349,3427018
349,2109575
349,2265095
349,132214
349,4283255
349,4223544
349,4211037
349,3275037
349,2717067
349,2467087
349,1887743
349,1526401
349,961691
349,712341
349,426299
349,342775
349,173419
354,2950336
354,2950297
354,2950292
354,2950289
354,176816
354,177026
354,2950321
354,2950300
354,2950298
354,2510465
354,175877
354,175591
354,173408
354,173155
354,172896
354,172567
354,2510444
354,2950332
354,2950331
354,2950330
354,2950324
354,3622931
354,2510564
354,4265956
354,3771584
354,2950328
354,2950327
354,2950317
354,2950316
354,2950311
354,2950305
354,2950304
354,2950303
354,2950299
354,2950294
354,1227441
354,2950329
354,2950326
354,2950325
354,2950323
354,2950322
354,2950320
354,2950319
354,2950318
354,2950315
354,2950314
354,2950313
354,2950312
354,2950310
354,2950309
354,2950308
354,2950307
354,2950306
354,2950302
354,2950301
354,2950296
354,2950295
354,2950293
354,2950291
354,2950290
354,4500900
354,2509794
354,4139248
354,4018942
354,3577585
354,886609
354,429808
354,176572
354,4584477
354,3487666
354,2757335
354,726537
354,678132
354,651833
354,644364
354,3971165
354,3769592
354,3097717
354,2659633
354,2240971
354,2079599
354,2066180
354,2008150
354,1514134
354,1371977
354,1120192
354,1108940
354,4314678
354,4222994
354,4028326
354,3794569
354,3497987
354,3369324
354,3359842
354,3097628
354,2417100
354,2102202
354,2074754
354,2073557
357,3813124
357,2137970
357,2757427
357,2142734
357,2137963
357,2137960
357,2131657
357,3813047
357,4219924
357,2757391
357,2141717
357,2137972
357,2137971
357,2137962
357,2137961
357,4471946
357,2585991
357,1817971
357,1597358
357,2137969
357,3813252
357,2771868
357,2511847
357,2137973
357,2137968
357,2137959
357,1553450
357,4520929
357,4361617
357,3925325
357,3557467
357,3551412
357,3274623
357,2757466
357,2757402
357,2585683
357,1128576
357,4525131
357,4514050
357,4038257
357,3570150
357,2144300
357,2137977
357,2137976
357,2137975
357,2137974
357,2137967
357,2137966
357,2137965
357,2137964
357,2137958
357,2130427
357,2122526
357,2121063
357,2116550
357,598233
357,550293
357,3813220
357,2136800
357,4116630
357,4095867
357,4071362
357,4038772
357,3813444
357,3812221
357,3660966
357,3580819
357,3339859
357,2757480
357,2757477
357,2757406
357,2757405
357,2757372
357,2757366
357,2757365
357,2757357
357,2730009
357,2153323
357,2126260
357,2010112
357,1956944
357,1817975
357,921118
357,799350
357,593429
357,3812920
357,3542112
357,2146734
357,2141615
357,2129163
357,2126438
357,2122529
357,2118550
357,1407804
357,625835
357,429514
357,4514012
357,4501129
357,4485290
359,2298088
359,4143700
359,2298084
359,2485930
359,2298083
359,3908987
359,4143833
359,2298099
359,454182
359,387489
359,3528417
359,2897422
359,2298082
359,1374173
359,2298108
359,2408147
359,450690
359,450680
359,4071998
359,3228814
359,2570002
359,1849045
359,451167
359,450671
359,4317268
359,4123371
359,4114731
359,3015168
359,2298097
359,2298096
359,2298092
359,2298091
359,2298086
359,2298085
359,2298076
359,1931794
359,453046
359,452496
359,203529
359,201533
359,201532
359,201531
359,201530
359,2299481
359,2298101
359,453235
359,452459
359,4196991
359,4099152
359,3250488
359,4138746
359,2895981
359,1527277
359,379296
359,3648275
359,3373018
359,2723442
359,2312456
359,2298090
359,2298089
359,454681
359,451698
359,451301
359,3811596
359,3542044
359,3252018
359,1541212
359,956455
359,454373
359,452513
359,4134842
359,4132643
359,4112090
359,4112057
359,3732660
359,842282
359,4587648
359,4135721
359,4121459
359,4096707
359,3252015
359,3251431
359,2787766
359,1825033
359,1572336
359,1374175
359,1329833
359,885087
359,454970
359,454738
359,454737
359,454576
359,453963
359,453302
359,452764
359,451555
359,451353
359,450939
359,450907
361,2545708
361,4338427
361,1608235
361,2377311
361,4401392
361,4290265
361,1939501
361,261038
361,2849896
361,1722215
361,3715449
361,3715769
361,3071039
361,2043163
361,1497084
361,1035665
361,3715772
361,3715771
361,1610041
361,3164847
361,3164846
361,3914480
361,3715756
361,2831934
361,3346189
361,4451483
361,2996263
361,3715691
361,3715759
361,3715750
361,4290398
361,4290241
361,1953842
361,3116859
361,2986456
361,3774904
361,3718534
361,3718528
361,3717559
361,3716828
361,3715729
361,3715699
361,3715292
361,2149792
361,1809835
361,4481141
361,3715754
361,3715753
361,3715751
361,3514566
361,1024486
361,4597462
361,4481142
361,4443639
361,3715768
361,3598376
361,739466
361,376615
361,4524943
361,4519940
361,1603135
361,1243681
361,3715767
361,3715764
361,3715760
361,3715757
361,3715755
361,1258282
361,658202
361,626340
361,3718507
361,3717519
361,3717502
361,3715698
361,2623059
361,1497086
361,792362
361,376612
361,2850161
361,3718548
361,3715340
361,2986453
361,1898046
361,1769993
361,1615790
361,1579184
361,1492456
361,1120078
361,600411
361,4401405
361,3070739
361,793349
361,4177390
361,3718520
361,3718502
361,3716839
361,3716306
361,3716302
361,3715314
363,2458143
363,2458571
363,2458563
363,2458577
363,3146817
363,2458436
363,221470
363,2458580
363,3174384
363,690436
363,2458588
363,221499
363,2894221
363,221472
363,2458583
363,2458570
363,2458552
363,2458587
363,2458569
363,2458567
363,2458814
363,2458599
363,2458595
363,2458574
363,2458564
363,2458560
363,2458559
363,2458838
363,2458409
363,2458123
363,221528
363,221509
363,3671788
363,3220993
363,1033649
363,3129413
363,2458579
363,2458572
363,2458535
363,2458197
363,1091946
363,2458837
363,2458486
363,221490
363,4478664
363,2458678
363,2458642
363,2458578
363,1093670
363,3213560
363,2458187
363,2458150
363,221529
363,3862772
363,2852414
363,1033622
363,659744
363,328470
363,3314488
363,2458597
363,2458576
363,2458269
363,1083639
363,2999691
363,2458420
363,1606516
363,1299118
363,461885
363,3825611
363,3026943
363,2458789
363,2458575
363,2458568
363,2297968
363,1644084
363,1175598
363,1137711
363,1106788
363,799704
363,579408
363,257986
363,221483
363,3671851
363,3386006
363,3174763
363,2032206
363,1442283
363,1284554
363,1244936
363,3319561
363,3215130
363,3212025
363,2588638
363,2458594
363,2458593
363,2458592
363,2458591
363,2458589
363,2458586
365,2686577
365,1921836
365,3796838
365,3448715
365,2938590
365,2686579
365,1083971
365,2080010
365,4208520
365,2510172
365,1015550
365,2687207
365,4587031
365,2786126
365,2448648
365,2362139
365,1929459
365,1921794
365,1314046
365,440598
365,170532
365,3162201
365,2686590
365,4565856
365,3054872
365,2686580
365,2686576
365,2686575
365,1170017
365,2643943
365,4487457
365,4358290
365,3527447
365,3429629
365,2765646
365,2686578
365,1922714
365,1058549
365,788959
365,343511
365,2687604
365,2687408
365,2687401
365,2687370
365,2687331
365,2687234
365,2687083
365,2686863
365,2686688
365,2686551
365,1921835
365,1448354
365,1446996
365,652658
365,3231345
365,2780378
365,2140384
365,2080008
365,1314044
365,404924
365,4623067
365,4407829
365,4407580
365,4336687
365,4267291
365,4258808
365,4226263
365,4225685
365,4200049
365,4144300
365,4031996
365,3947222
365,3879025
365,3849233
365,3725465
365,3635091
365,3616793
365,3604049
365,3600463
365,3512897
365,3442437
365,3366765
365,3282502
365,3223031
365,3166072
365,3126861
365,3125950
365,3060420
365,3047885
365,3019837
365,2974702
365,2843629
365,2802156
365,2571955
365,2482522
365,2362429
365,2198843
365,2183264
365,2063897
374,358925
374,2262080
374,1691099
374,4290039
374,1481665
374,1481134
374,4290329
374,1481755
374,1026258
374,3150513
374,851090
374,3150832
374,3150831
374,776078
374,4470975
374,3150625
374,3150743
374,2624611
374,3150629
374,3150566
374,389340
374,1481750
374,2643961
374,936633
374,4330850
374,3150732
374,3150570
374,4444185
374,1779212
374,1468503
374,837390
374,3150805
374,3150592
374,3150569
374,3150517
374,558105
374,4324747
374,631943
374,1481799
374,3150636
374,1481606
374,3150785
374,3150594
374,3150770
374,3150733
374,3150658
374,1691100
374,4290544
374,4330937
374,1481464
374,4518603
374,3891543
374,3721523
374,3150783
374,3150663
374,2131915
374,1531774
374,4444169
374,2416758
374,3150496
374,2992129
374,2815843
374,1316237
374,3150745
374,3150744
374,3150568
374,2798465
374,1860816
374,1170088
374,3964349
374,3143389
374,2139720
374,1481447
374,1481444
374,1481240
374,1239444
374,1017789
374,506484
374,113934
374,3150791
374,3150729
374,3150571
374,3150565
374,1470280
374,728443
374,139307
374,3150626
374,4332653
374,1481788
374,851096
374,3587471
374,3150766
374,3150608
374,3150552
374,2686836
374,2375854
374,663806
374,433349
374,3150811
382,322228
382,3593591
382,1019315
382,1819163
382,4426717
382,4045070
382,3580115
382,3593590
382,1223969
382,3593561
382,3523214
382,2144511
382,1168552
382,2896447
382,2709486
382,2207372
382,2568511
382,1019369
382,3593558
382,1643179
382,816192
382,4519387
382,4136534
382,3593574
382,3593544
382,2896429
382,2712687
382,2064737
382,2021278
382,3757706
382,3677724
382,1303449
382,1216570
382,3546754
382,2270470
382,376503
382,4175621
382,4492878
382,4286824
382,4208080
382,4193793
382,3615024
382,3593595
382,3512841
382,2014334
382,1234107
382,836340
382,4597472
382,3764774
382,3614317
382,1647891
382,614485
382,3923895
382,3593582
382,3593577
382,3593570
382,3593563
382,3593543
382,3593532
382,3001553
382,2759926
382,2265223
382,2151066
382,2144515
382,1404856
382,3431056
382,1524619
382,1514437
382,458404
382,3605005
382,3445346
382,2116180
382,1935808
382,1330615
382,843660
382,4513483
382,4483852
382,2916989
382,2278281
382,2272951
382,2128900
382,2039659
382,1223773
382,1130576
382,815334
382,722932
382,429263
382,4506460
382,4484861
382,4219220
382,4108963
382,3928848
382,3767208
382,3520613
382,3504294
382,3476146
382,3248726
382,3229291
382,3225639
383,3637386
383,3637221
383,3637330
383,3637248
383,4134246
383,3637331
383,558283
383,3637254
383,3637251
383,977264
383,928380
383,1315062
383,4178562
383,3688525
383,3574750
383,3255708
383,2170581
383,1514575
383,396012
383,322570
383,308340
385,2531872
385,3880919
385,3670237
385,4334560
385,3670331
385,3670269
385,3670258
385,3670253
385,3670250
385,3670241
385,3670202
385,3272936
385,1711240
385,284303
385,2175862
385,3672466
385,3670169
385,2860568
385,3721524
385,3670287
385,3670265
385,3674496
385,412307
385,411929
385,4334600
385,4334267
385,3864051
385,3670313
385,3670308
385,3670291
385,3670276
385,3670268
385,3670242
385,3670227
385,3670222
385,3670210
385,3670198
385,3573080
385,3494492
385,3368777
385,2184947
385,1238247
385,2860554
385,3670306
385,3020048
385,228221
385,3883370
385,3670262
385,3670261
385,3670243
385,3670175
385,1459212
385,1382227
385,3674495
385,3674350
385,4589564
385,4539717
385,4382913
385,4334575
385,4334563
385,4334561
385,4294737
385,4236963
385,4052181
385,3886127
385,3871548
385,3670358
385,3670354
385,3670310
385,3670302
385,3670297
385,3670296
385,3670292
385,3670283
385,3670278
385,3670272
385,3670267
385,3670248
385,3670240
385,3670205
385,3670178
385,3670173
385,3526049
385,3350409
385,3163192
385,3002644
385,2387387
385,2315753
385,2209899
385,1862496
385,1808970
385,1511664
385,1365263
385,1303898
385,1163179
385,816614
385,736073
385,489539
385,455685
386,1611232
386,3700000
386,4040743
386,3928784
386,3611567
386,1222560
386,4188841
386,3595993
386,2832356
386,1233799
386,553756
386,370214
386,79537
387,4027519
387,3764474
387,673586
387,3764471
387,3764473
387,3764469
387,676355
387,4559302
387,3764475
387,3764476
387,3764472
387,3764470
387,3764468
387,2388834
387,2312426
387,1240981
387,4559213
387,3855728
387,1902501
387,1590008
387,4590205
387,4162854
387,3089818
387,1241086
387,1241085
387,1055246
387,3764416
387,1240891
387,4561489
387,4310508
387,4094128
387,3879228
387,3786444
387,3764467
387,3408877
387,3181942
387,3175531
387,3077688
387,2409960
387,2395024
387,1960682
387,1475602
387,1469865
387,1240038
387,563042
387,1590006
387,3870096
387,3813780
387,2863210
387,1941370
387,1678203
387,1678199
387,1269355
387,4590204
387,4310503
387,3576690
387,3553189
387,2684621
387,2629055
387,2574935
387,2422273
387,2088612
387,1989580
387,1703421
387,1478105
387,1240982
387,1240979
387,1079737
387,189896
387,4557255
387,4548971
387,4546789
387,4358250
387,4310535
387,4310534
387,4183742
387,4134761
387,4096609
387,4055017
387,3969031
387,3686976
387,3422562
387,3408704
387,3374109
387,3360584
387,2957986
387,2946463
387,2705097
387,2654749
387,2395029
387,1927774
387,1717821
387,1661207
387,1580997
387,1562965
387,1562617
387,1412364
387,1341178
387,1326385
389,4141759
389,3852723
389,4076798
389,2398356
389,4141756
389,3852726
389,3852725
389,516667
389,3852746
389,3852722
389,2475713
389,4487638
389,644382
389,1920769
389,2568283
389,1502584
389,537698
389,4076794
389,3852724
389,4141757
389,516665
389,4154957
389,1750886
389,1727017
389,1110337
389,896000
389,895980
389,895976
389,941060
389,324119
389,4148987
389,1691768
389,4078156
389,1920610
389,889292
389,4091412
389,2561653
389,891011
389,324062
389,324061
389,324060
389,1945573
389,1665038
389,754657
389,201619
389,4586314
389,4534914
389,889293
389,519065
389,2998145
389,2896288
389,2669867
389,2583796
389,2200774
389,4498338
389,4493833
389,4277732
389,4224073
389,4096988
389,4083219
389,4009570
389,3930051
389,3470291
389,2930568
389,2814881
389,2599524
389,2566862
389,1998629
389,1983863
389,1920770
389,1772597
389,1665035
389,1515986
389,1319701
389,1128853
389,919007
389,615104
389,449175
389,970
390,3861924
390,2038491
390,281251
390,1668524
390,2031476
390,319809
390,2334738
390,4193544
390,3861887
390,2831797
390,3297955
390,1605825
390,1161688
390,2977951
390,2071538
390,1513351
390,3861873
390,2763550
390,3541556
390,1603569
390,3861768
390,3046427
390,2148210
390,631023
390,3932288
390,1143697
390,3517552
390,4213566
390,2168579
390,823629
390,2188174
390,724500
390,449053
390,4376933
390,1507255
390,4513360
390,2042190
390,3564272
390,2117716
390,1288465
390,3861864
390,4334399
390,1771243
390,1898580
390,873475
390,4334398
390,3797018
390,2117703
390,1595463
390,3861773
390,1223163
390,4510174
390,652058
390,2514551
390,218329
390,2711200
390,2008029
390,2146934
390,1335406
390,1088685
390,4445121
390,3367815
390,395569
390,1143706
390,2391488
390,1822945
390,710741
390,4374792
390,2042019
390,927554
390,721865
390,3861888
390,878066
390,962548
390,377132
390,451320
390,647663
390,2983243
390,385989
390,1033382
390,2646602
390,2728001
390,3073916
390,2243751
390,1978787
390,3547887
390,3568047
390,2032049
390,4199100
390,1118814
390,3922987
390,1234193
390,2728814
390,2335042
390,1045163
390,2539931
390,2275520
390,647661
390,2061010
393,1103789
393,4092517
394,6790
394,4478157
394,4289972
395,4199346
397,3068907
397,1375259
397,2038774
397,4333867
397,4514969
397,191768
397,3068876
397,1288315
397,2042190
397,3068908
397,1274258
397,4333478
397,1274344
397,4333874
397,3612034
397,642473
397,4515190
397,3564440
397,333393
397,2031476
397,2505045
397,4514768
397,3525414
397,3226031
397,3068904
397,2084818
397,2071425
397,1824034
397,1782232
397,733077
397,613872
397,450779
397,873475
397,4525469
397,2850950
397,4333872
397,4333871
397,3230532
397,2149762
397,1613572
397,1129460
397,4175350
397,2392082
397,2842226
397,3116138
397,1089590
397,1600694
397,4327377
397,3545006
397,3460706
397,3068900
397,2062391
397,1854807
397,1244576
397,757896
397,3351744
397,4332174
397,1595463
397,3817287
397,4333869
397,3453542
397,3118122
397,2784648
397,2747710
397,729060
397,1088705
397,3907735
397,2350394
397,2272180
397,2214084
397,2109369
397,1870042
397,1817602
397,1437015
397,1129077
397,1100714
397,898803
397,749807
397,593105
397,301283
397,4464243
397,4224260
397,4214744
397,3454283
397,3172802
397,3068929
397,3068896
397,3025744
397,2491953
397,2272780
397,2210292
397,1603162
397,1595500
397,1123612
397,883291
397,651822
397,139470
397,1978787
397,3481936
401,2280345
403,2535765
403,3444215
403,468393
403,4202429
403,3475992
403,878795
403,778411
403,3598034
403,3596420
403,3475996
403,3475989
403,2647569
403,1964877
403,1314628
403,969249
403,3969767
403,3685448
403,3475993
403,3473920
403,3189454
403,2647605
403,2647600
403,2552764
403,2495849
403,2495848
403,1750116
403,1356530
403,1347774
403,980335
403,949892
403,481934
403,481932
403,475348
403,245705
403,144423
403,115174
403,110973
403,107160
403,103811
403,100932
403,28694
403,3871694
403,3793401
403,3475991
403,3475752
403,3323870
403,3322398
403,3316975
403,3215181
403,3215174
403,3018859
403,3018858
403,2932106
403,2759592
403,2647631
403,2647630
403,2647617
403,2647611
403,2647590
403,2647584
403,2647581
403,2647580
403,2647579
403,2647578
403,2647577
403,2647576
403,2647575
403,2647574
403,2647570
403,2647567
403,2647563
403,2622065
403,2495846
403,2195249
403,2186357
403,2064134
403,1480666
403,1474607
403,1000691
403,998412
403,998411
403,973175
403,941738
403,831065
403,675311
403,500029
403,481937
403,154660
403,107029
403,100834
403,98305
403,95688
403,21985
403,4623664
403,4618381
403,4532262
403,4394122
403,4320273
403,4260867
404,3016796
404,3913840
404,977427
404,327951
404,3216579
404,1282986
404,247108
404,3667920
404,1881515
404,4490295
404,4252289
404,4210860
404,2458609
404,2298822
404,726719
404,611001
405,4129864
405,4129865
405,4592250
405,3716870
405,2807142
405,1789253
405,931748
408,2470620
408,2151669
408,1131533
408,756563
408,2999899
408,284569
408,3268578
408,2038185
408,1291834
408,1776370
408,1524635
408,2891744
408,2651589
408,2950609
408,1393011
408,876115
408,286624
408,2617230
408,4154883
408,4242583
408,920243
408,1916068
408,2035234
411,1682983
411,1355501
415,683464
415,4409520
415,3744630
415,862702
415,3914534
415,1936690
415,377633
415,3667123
415,683496
415,3612761
415,1445985
415,862679
415,2708043
415,1465437
415,2079488
415,1880549
415,2102156
415,2931347
415,300785
415,298802
415,3789220
415,1127753
415,302294
415,3544690
415,3289255
415,2428624
415,2131334
415,2124572
415,1304575
415,1208858
415,1034066
415,740982
416,2424201
416,1941652
416,1911982
416,1858838
416,2192033
416,3560029
416,1941653
416,2424196
416,4539776
416,3583834
416,3585801
416,2598945
416,2424202
416,2844515
416,2135938
416,2135930
416,2135928
416,2067046
416,1941666
416,2424209
416,2424195
416,3056760
416,2135936
416,1232929
416,1048154
416,992679
416,578738
416,1639632
416,1408975
416,4471055
416,4110940
416,3493352
416,2904337
416,2583781
416,1994393
416,1655301
416,2424204
416,1072145
416,4443075
416,3848044
416,3475968
416,3109340
416,3084247
416,3083330
416,3021446
416,2135941
416,2135933
416,2135931
416,1941665
416,1921158
416,1767437
416,1531444
416,4116132
416,3167697
416,3133653
416,3109453
416,3056774
416,2838492
416,2135939
416,3221821
416,314262
416,4545878
416,4539808
416,4316661
416,4149036
416,4149035
416,3360372
416,3087806
416,2940074
416,2660658
416,2548305
416,2135937
416,1945874
416,1920650
416,685696
416,231447
416,881
416,2424197
416,2191273
416,1946074
416,4459424
416,4190370
416,4075876
416,3115361
416,2135935
416,1997974
416,1951341
416,1921070
416,1912202
416,1705775
416,1657543
416,1632299
416,979736
416,960058
416,716419
416,272658
416,4545877
416,4441885
416,4117032
417,3931191
417,4176040
417,3566737
417,1973117
417,210746
417,2098698
417,2752068
417,3446010
417,2994296
417,3742647
417,2485838
417,4216804
417,334352
417,2273743
417,2273963
417,1515742
417,2156497
417,1037139
417,3954830
417,2273959
417,2273953
417,97601
417,1508195
417,3723835
417,1344029
418,423725
418,3347987
418,1715216
418,4320044
418,3125747
418,1157696
418,3265361
418,3417867
418,3605723
418,3265397
418,524829
418,2347569
418,1715315
418,1715139
418,3265392
418,1745073
418,1844208
418,1715274
418,423884
418,1858354
418,4060266
418,4320113
418,524977
418,3784809
418,1788869
418,564287
418,73964
418,68008
418,66542
418,65267
418,60589
418,2553706
418,1354873
418,1061525
418,3168812
418,2856475
418,2281740
418,1435055
418,730639
418,282130
418,281557
418,281407
418,277951
418,4027216
418,2274658
418,122556
418,3587144
418,281041
418,4235785
418,142064
418,4264239
418,4324008
418,4320145
418,3687820
418,2678141
418,2568740
418,1572912
418,1383108
418,1344344
418,280380
418,541610
418,3126325
418,1839962
418,2282949
418,1972963
418,1622372
418,1344329
418,223410
418,163156
418,159680
418,152375
418,138270
418,131409
418,3168431
418,2011218
418,4577338
418,4312836
418,4156736
418,3780349
418,3656825
418,3151446
418,2347775
418,2189671
418,1894094
418,1474175
418,1213467
418,278681
422,3835348
423,4290844
423,2770945
423,2510562
423,4618427
423,497282
423,4290819
423,3869381
423,3130741
423,4588788
423,3541128
423,2898140
423,2782192
423,2391625
423,1541658
423,679346
423,455345
423,1191686
423,513150
423,4602781
423,4487492
423,4308341
423,4166861
423,4094307
423,3931419
423,3845925
423,3829180
423,3829179
423,3798603
423,3697068
423,3607793
423,3240300
423,3234587
423,3169961
423,3039866
423,3019418
423,2710687
423,2639493
423,2334018
423,2234012
423,2019043
423,1883167
423,1798698
423,1711762
423,1159693
423,1119097
423,1081274
423,589548
423,510941
428,4323544
428,871301
428,1553962
428,1973341
428,1492006
428,4323543
428,4323530
428,4323523
428,4323522
428,4323521
428,4323520
428,4323519
428,4323518
428,4323517
428,4323516
428,4323515
428,4323514
428,4323513
428,4323512
428,4323511
428,4323510
428,4323509
428,4323508
428,4323507
428,4323506
428,4323505
428,4323504
428,4323503
428,4323502
428,4323501
428,4323500
428,4323499
428,4323498
428,4323497
428,4323496
428,4323495
428,4323494
428,4323493
428,4323492
428,4323491
428,4323490
428,4323489
428,4323488
428,4323487
428,4323486
428,4323485
428,4547693
428,1973537
428,1503789
428,245533
428,2596317
428,1402270
428,3975815
428,3086381
428,4328050
428,4320660
428,3868693
428,2620284
428,1491992
428,908623
428,4480701
428,3612258
428,3176670
428,1954260
428,871304
431,984068
431,4050707
431,3167564
431,4100683
431,1096606
431,3467606
431,1957570
431,3827030
431,3467604
431,3759615
431,2600931
431,3474819
431,1173097
431,3467602
431,1015566
431,2745857
431,2601579
431,4315061
431,4585848
431,4451257
431,3467605
431,3467603
431,2405724
431,1639787
431,611774
431,1097292
431,1976762
431,548146
431,4497979
431,4485433
431,4463135
431,3837272
431,2449506
431,1544546
431,1369316
431,4497978
431,2027608
431,1278423
431,426960
431,4491771
431,4441908
431,4383101
431,4378527
431,3541211
431,3541210
431,3467773
431,2811273
431,2275248
431,1946630
431,1213828
431,745275
434,1968904
434,3736946
434,4264849
434,4609752
434,4466183
434,3976835
434,1638988
435,1294172
435,1152065
435,554596
435,4066574
435,2492409
435,187244
435,4066571
435,1974778
435,3357264
435,3112894
435,3369478
435,4290499
435,3112953
435,3422644
435,3112659
435,3206677
435,3019111
435,2407578
435,4065231
435,2599192
435,1891259
435,1684653
435,1334549
435,1273380
435,1136130
435,3112897
435,3481946
435,896683
435,648089
435,4065922
435,4290168
435,1974722
435,1696478
435,580431
435,4066135
435,3868212
435,1114017
435,3472312
435,3112542
435,3685
435,4290516
435,3112539
435,236352
435,4290419
435,2206787
435,3185979
435,1439164
435,3499184
435,959667
435,3353245
435,2206852
435,1326784
435,4290189
435,3596957
435,1974719
435,2206856
435,432983
435,4066122
435,4066080
435,3019107
435,2508743
435,4066572
435,3845380
435,3799650
435,3535272
435,4290421
435,4065731
435,4066062
435,4065937
435,2206932
435,1277073
435,475045
435,4066607
435,3738072
435,3112548
435,3112540
435,3112537
435,1228593
435,4290430
435,4066015
435,2996269
435,4290521
435,4290500
435,4290191
435,3071482
435,2861293
435,2639352
435,2289512
435,2236308
435,4319477
435,4318132
435,4290523
435,4290194
435,4180864
435,4066608
435,3906299
435,3817731
435,3155125
435,1974723
436,4053524
436,2706214
436,939465
438,2650331
438,2356457
438,1215170
438,1151922
438,4159843
438,2120970
438,3175606
438,1607953
438,1644696
438,2720963
438,1771223
438,3047536
438,1230804
438,3854970
438,2182175
438,2087176
438,2902189
438,1302884
438,2095658
438,3339929
438,3236775
438,2196185
438,4517697
438,1775374
438,1330752
438,2147508
438,3607097
438,3213814
438,3654010
438,599841
438,3552302
438,920111
438,1144308
438,4193522
438,935176
438,3461109
438,141652
438,2083866
438,4132631
438,2804780
438,2424318
438,3258488
438,3042807
438,1628107
438,1434025
438,3779119
438,2178795
438,1485481
438,1282342
438,4299736
438,24167
438,886962
438,668490
438,2410520
438,611018
438,3541871
438,254783
438,2730786
438,4172193
438,4123619
438,2298102
438,4525108
438,3690150
438,724183
438,3233269
438,3121904
438,2703306
438,2230854
438,1826359
438,1483032
438,2119179
438,1135582
438,2198259
438,2150140
438,1514954
438,911582
438,4513360
438,2141767
438,2032517
438,1100708
438,3471873
438,1889430
438,3586217
438,4129168
438,3526525
438,878757
438,4133532
438,3970701
438,3845224
438,2723965
438,2609513
438,2187342
438,2098238
438,2084160
438,2083499
438,2010549
438,1982810
438,1547249
438,4159519
439,4099441
439,617843
440,2300525
440,1880212
440,1990411
440,655184
440,2410393
442,699025
442,1790899
442,253827
442,3815330
442,265540
442,4277443
442,2286404
442,1718894
442,533225
442,4439646
442,3992192
442,3219045
442,2873093
442,2871369
442,1108908
442,1108826
442,253976
442,3776772
442,3265481
442,3265478
442,248806
442,4040594
442,3681070
442,3219147
442,3168480
442,2225856
442,1990751
442,1852436
442,1843949
442,911623
442,373418
447,1975039
447,3914726
447,3021547
447,1497082
447,2676273
447,3649903
447,4570976
447,2447846
447,3781753
447,2491359
447,1984553
447,1474837
447,3767364
447,1675101
447,724793
447,2952111
447,3425027
447,2722538
447,3022460
447,724642
447,3860986
447,3021520
447,1017000
447,155823
447,1608077
447,2491373
447,245571
447,2975920
447,2128315
447,1974812
447,1974665
447,3167997
447,3021561
447,2491379
447,2491378
447,2491377
447,2491376
447,1837095
447,724650
447,3021825
447,4137109
447,3100789
447,3022857
447,724773
447,3021673
447,4073719
447,3021442
447,947276
447,724816
447,724610
447,4524004
447,4082369
447,2030271
447,603207
447,3894522
447,3424951
447,3022309
447,1497312
447,1687035
447,2912366
447,2642320
447,2514253
447,705110
447,399784
447,2811561
447,1992892
447,2780735
447,1563265
447,1036734
447,4338457
447,3572991
447,3021941
447,1771413
447,1362900
447,724696
447,3016658
447,3892033
447,3021700
447,2491375
447,2255347
447,1992151
447,738134
447,132248
447,4319707
447,3408111
447,1980851
447,3021628
447,3021610
447,2520528
447,2359814
447,998313
447,3650353
447,3022433
447,3022420
447,2646875
447,1676976
447,3924282
447,3892089
447,3864343
448,2496835
448,3479310
448,2905469
448,848821
448,1252565
448,4145556
448,2837307
448,1963391
448,563101
448,4436215
448,4324316
448,3961547
448,3747635
448,3568859
448,3382862
448,2991913
448,1205298
448,1148915
448,3948383
448,2991966
448,2558304
448,2506618
448,1631923
448,1333917
448,1167979
448,557466
448,15072
450,1149811
450,2329333
454,1352203
456,68472
456,46426
456,32965
456,3118366
456,283019
456,2273481
456,439729
456,283020
456,485580
456,136663
456,56177
456,42231
456,117911
456,55207
456,45383
456,34790
456,1611647
456,2359269
456,150649
456,129760
456,123657
456,36450
456,54292
456,52474
456,2273478
456,1482171
456,485582
456,40035
456,30533
456,158127
456,154767
456,154759
456,153439
456,153038
456,152416
456,143427
456,138301
456,113484
456,111919
456,107969
456,97202
456,94601
456,58747
456,58241
456,57711
456,55732
456,55631
456,54786
456,54685
456,53856
456,52946
456,52043
456,50975
456,47505
456,46112
456,45416
456,44458
456,44156
456,43812
456,43529
456,43191
456,42861
456,42535
456,42258
456,41644
456,41110
456,39517
456,37463
456,36987
456,35037
456,34582
456,34258
456,33995
456,126027
456,63243
456,47897
456,39750
456,39256
456,1611643
456,123831
456,50701
456,44767
456,44122
456,34235
456,33145
456,2500739
456,161669
456,72835
456,71344
456,66984
456,41921
456,41329
456,40817
456,39231
456,38724
456,38182
456,37691
456,35697
456,35237
463,3883046
463,3287597
463,1064417
463,3287599
463,3287398
463,3287632
463,3287490
463,4318533
463,3287642
463,3287525
463,3287410
463,3287383
463,1517771
463,3287485
463,3287637
463,3287434
463,3287469
463,3883358
463,3287598
463,3287630
463,1232339
463,1842054
463,3287665
463,3287636
463,3287633
463,1478688
463,3112601
463,3881705
463,731133
463,3318928
463,3863823
463,4250960
463,4272550
463,4250985
463,2225542
463,3735417
463,462236
463,3883289
463,4250948
463,243353
463,3287594
463,3016780
463,848430
463,1776030
463,3420863
463,1247664
463,3671097
463,3402490
463,3475321
463,3063678
463,889887
463,527585
463,439687
463,4533884
463,1478625
463,1393092
463,3287698
463,3525027
463,3475256
463,3287694
463,3287497
463,2426725
463,4210920
463,2225541
463,3278324
463,2890006
463,2313572
463,1258669
463,533971
463,560723
463,3654561
463,3162465
463,739480
463,485476
463,4524118
463,3287661
463,2115984
463,1575804
463,3294943
463,1802983
463,1169538
463,3724916
463,4361782
463,3913455
463,2802711
463,2642368
463,1696069
463,52136
463,3928540
463,2757381
463,1441832
463,3562567
463,3287635
463,2818015
463,1496685
463,1575945
463,3699950
463,3539364
463,3150799
465,2809917
465,1529159
465,4125379
465,1547715
465,3056345
465,2491831
465,3076661
465,236440
465,1969890
465,314596
465,4321252
465,146356
465,3361888
465,1680529
465,1330333
465,2946654
465,3534558
465,926527
465,1294279
465,3235760
465,2967881
465,4384276
465,3977490
465,3568035
465,2491816
465,1772927
465,1730287
465,502140
465,350061
465,1964016
465,4450640
465,3543283
465,3517538
465,3519143
465,2147252
465,2123120
465,502831
465,3991394
465,3983767
465,3566345
465,3274780
465,1378839
465,374529
465,209651
465,4321088
465,1971335
465,3163282
465,3570976
465,3230541
465,452972
465,355685
465,617759
465,4293302
465,93196
465,1968147
465,4193481
465,4169981
465,3292653
465,3236736
465,3155429
465,2072736
465,1595224
465,1309493
465,311132
465,294694
465,1351821
465,1841210
465,3401910
465,3148469
465,1971845
465,1969345
465,2723426
465,3381943
465,817161
465,3342244
465,1971801
465,1970591
465,1969565
465,1680535
465,1402218
465,496455
465,4624779
465,4573084
465,2042847
465,1764742
465,542934
465,4173400
465,3421343
465,3342601
465,1893475
465,3366743
465,4574536
465,4535887
465,3722909
465,3451088
465,3220009
465,2999615
465,2688275
465,2145984
